Category,Test Name,Test Description,Units,Gender,Min Reference Range,Max Reference Range,Age Min,Min Age Unit,Age Max,Max Age Unit,Remarks,ReportJson,ReferenceRanges
HAEMATOLOGY,ABSOLUTE LYMPHOCYTE COUNT,ABSOLUTE LYMPHOCYTE COUNT,per microlitre,M/F,1000,4800,0,YEARS,100,YEARS,,,
HAEMATOLOGY,ABSOLUTE NEUTROPHIL COUNT,ABSOLUTE NEUTROPHIL COUNT,Cells/Cumm,M/F,2000,7000,0,YEARS,100,YEARS,,,
HAEMATOLOGY,ACTIVE PARTIAL THROMBOPLASTIN TIME (APTT),ACTIVE PARTIAL THROMBOPLASTIN TIME (APTT),seconds,M/F,22,34,0,YEARS,100,YEARS,,,
HAEMATOLOGY,AEC,EOSINOPHIL COUNT,cells/cumm,M/F,40,400,0,YEARS,100,YEARS,,,
HAEMATOLOGY,AEC,TOTAL COUNT,cells/cumm,M/F,4000,11000,0,YEARS,100,YEARS,,,
HAEMATOLOGY,AEC,ABSOLUTE EOSINOPHIL COUNT,cells/cumm,M/F,40,400,0,YEARS,100,YEARS,,,
HAEMATOLOGY,ANTI MULLERIAN HORMONE(AMH),ANTI MULLERIAN HORMONE/MULLERIAN INHIBITING SUBSTANCE,ng/mL,M/F,2.02,6.7,0,YEARS,100,YEARS,,,
HAEMATOLOGY,BLOOD GROUP & RH TYPE,DROPDOWN,N/A,M/F,,,0,YEARS,100,YEARS,,,
HAEMATOLOGY,BLOOD PICTURE,DESCRIPTION,N/A,M/F,,,0,YEARS,100,YEARS,,,
HAEMATOLOGY,BONE MARROW,DESCRIPTION,N/A,M/F,,,0,YEARS,100,YEARS,,,
HAEMATOLOGY,BT,BLEEDING TIME,min,M/F,2,6,0,YEARS,100,YEARS,,,
HAEMATOLOGY,"BT, CT",BLEEDING TIME,min,M/F,2,6,0,YEARS,100,YEARS,,,
HAEMATOLOGY,CA-19.9,CA-19.9,U/mL,M/F,0,37,0,YEARS,100,YEARS,,,
HAEMATOLOGY,COMPLETE BLOOD COUNT (CBC),HAEMOGLOBIN,gm/dl,M,13.5,18,0,YEARS,100,YEARS,,,
HAEMATOLOGY,COMPLETE BLOOD COUNT (CBC),HAEMOGLOBIN,gm/dl,F,12,16,0,YEARS,100,YEARS,,,
HAEMATOLOGY,COMPLETE BLOOD COUNT (CBC),TOTAL COUNT/ W.B.C,cells/cumm,M/F,4000,11000,0,YEARS,100,YEARS,,,
HAEMATOLOGY,COMPLETE BLOOD COUNT (CBC),NEUTROPHILS,%,M/F,40,70,0,YEARS,100,YEARS,,,
HAEMATOLOGY,COMPLETE BLOOD COUNT (CBC),LYMPHOCYTES,%,M/F,20,40,0,YEARS,100,YEARS,,,
HAEMATOLOGY,COMPLETE BLOOD COUNT (CBC),EOSINOPHILS,%,M/F,0,8,0,YEARS,100,YEARS,,,
HAEMATOLOGY,COMPLETE BLOOD COUNT (CBC),MONOCYTES,%,M/F,0,10,0,YEARS,100,YEARS,,,
HAEMATOLOGY,COMPLETE BLOOD COUNT (CBC),BASOPHILS,%,M/F,0,1,0,YEARS,100,YEARS,,,
HAEMATOLOGY,COMPLETE BLOOD COUNT (CBC),PLATELET COUNT,Lakhs/cumm,M/F,1.5,4.5,0,YEARS,100,YEARS,,,
HAEMATOLOGY,COMPLETE BLOOD COUNT (CBC),R.B.C,mill/cumm,M/F,3.5,5.5,0,YEARS,100,YEARS,,,
HAEMATOLOGY,COMPLETE BLOOD COUNT (CBC),P.C.V,%,M/F,36,48,0,YEARS,100,YEARS,,,
HAEMATOLOGY,COMPLETE BLOOD COUNT (CBC),M.C.V,fl,M/F,80,99,0,YEARS,100,YEARS,,,
HAEMATOLOGY,COMPLETE BLOOD COUNT (CBC),M.C.H,pg,M/F,26,32,0,YEARS,100,YEARS,,,
HAEMATOLOGY,COMPLETE BLOOD COUNT (CBC),M.C.H.C,%,M/F,32,36,0,YEARS,100,YEARS,,,
HAEMATOLOGY,COMPLETE HAEMOGRAM,HAEMOGLOBIN,gm/dl,M,13.5,18,0,YEARS,100,YEARS,,,
HAEMATOLOGY,COMPLETE HAEMOGRAM,HAEMOGLOBIN,gm/dl,F,12,16,0,YEARS,100,YEARS,,,
HAEMATOLOGY,COMPLETE HAEMOGRAM,ESR,mm/hr,M,0,12,0,YEARS,100,YEARS,,,
HAEMATOLOGY,COMPLETE HAEMOGRAM,ESR,mm/hr,F,0,20,0,YEARS,100,YEARS,,,
HAEMATOLOGY,COMPLETE HAEMOGRAM,TOTAL W.B.C,cells/cumm,M/F,4000,11000,0,YEARS,100,YEARS,,,
HAEMATOLOGY,COMPLETE HAEMOGRAM,NEUTROPHILS,%,M/F,40,70,0,YEARS,100,YEARS,,,
HAEMATOLOGY,COMPLETE HAEMOGRAM,LYMPHOCYTES,%,M/F,20,40,0,YEARS,100,YEARS,,,
HAEMATOLOGY,COMPLETE HAEMOGRAM,EOSINOPHILS,%,M/F,0,8,0,YEARS,100,YEARS,,,
HAEMATOLOGY,COMPLETE HAEMOGRAM,MONOCYTES,%,M/F,0,10,0,YEARS,100,YEARS,,,
HAEMATOLOGY,COMPLETE HAEMOGRAM,BASOPHILS,%,M/F,0,1,0,YEARS,100,YEARS,,,
HAEMATOLOGY,COMPLETE HAEMOGRAM,R.B.C,mill/cumm,M/F,3.5,5.5,0,YEARS,100,YEARS,,,
HAEMATOLOGY,COMPLETE HAEMOGRAM,PLATELET COUNT,Lakhs/cumm,M/F,1.5,4.5,0,YEARS,100,YEARS,,,
HAEMATOLOGY,COMPLETE HAEMOGRAM,P.C.V,%,M/F,36,48,0,YEARS,100,YEARS,,,
HAEMATOLOGY,COMPLETE HAEMOGRAM,M.C.V,fl,M/F,80,99,0,YEARS,100,YEARS,,,
HAEMATOLOGY,COMPLETE HAEMOGRAM,M.C.H,pg,M/F,26,32,0,YEARS,100,YEARS,,,
HAEMATOLOGY,COMPLETE HAEMOGRAM,M.C.H.C,%,M/F,32,36,0,YEARS,100,YEARS,,,
HAEMATOLOGY,CROSS MATCH WHOLE BLOOD/PACKED,DROPDOWN-COMPATIBLE/INCOMPATIBLE,N/A,M/F,,,0,YEARS,100,YEARS,,,
HAEMATOLOGY,CT,CLOTTING TIME,N/A,M/F,4,7,0,YEARS,100,YEARS,,,
HAEMATOLOGY,DC,NEUTROPHILS,%,M/F,40,70,0,YEARS,100,YEARS,,,
HAEMATOLOGY,DC,LYMPHOCYTES,%,M/F,20,40,0,YEARS,100,YEARS,,,
HAEMATOLOGY,DC,EOSINOPHILS,%,M/F,0,8,0,YEARS,100,YEARS,,,
HAEMATOLOGY,DC,MONOCYTES,%,M/F,0,10,0,YEARS,100,YEARS,,,
HAEMATOLOGY,DC,BASOPHILS,%,M/F,0,1,0,YEARS,100,YEARS,,,
HAEMATOLOGY,DENGUE IGG & IGM,DROPDOWN-POSITIVE/NEGATIVE,N/A,M/F,,,0,YEARS,100,YEARS,,,
HAEMATOLOGY,"DENGUE PROFILE (IgG, IgM & Ns1Ag)",DROPDOWN-POSITIVE/NEGATIVE,N/A,M/F,,,0,YEARS,100,YEARS,,,
HAEMATOLOGY,ESR,ESR,mm/hr,M,0,9,0,YEARS,100,YEARS,,,
HAEMATOLOGY,ESR,ESR,mm/hr,F,0,20,0,YEARS,100,YEARS,,,
HAEMATOLOGY,HAEMOGLOBIN (Hb),HAEMOGLOBIN,gm/dl,M,13.5,18,0,YEARS,100,YEARS,,,
HAEMATOLOGY,HAEMOGLOBIN (Hb),HAEMOGLOBIN,gm/dl,F,12,16,0,YEARS,100,YEARS,,,
HAEMATOLOGY,"HB,TC,DC,ESR",HAEMOGLOBIN,gm/dl,M,13.5,18,0,YEARS,100,YEARS,,,
HAEMATOLOGY,"HB,TC,DC,ESR",HAEMOGLOBIN,gm/dl,F,12,16,0,YEARS,100,YEARS,,,
HAEMATOLOGY,"HB,TC,DC,ESR",ESR,mm/hr,M,0,12,0,YEARS,100,YEARS,,,
HAEMATOLOGY,"HB,TC,DC,ESR",ESR,mm/hr,F,0,20,0,YEARS,100,YEARS,,,
HAEMATOLOGY,"HB,TC,DC,ESR",TOTAL W.B.C,cells/cumm,M/F,4000,11000,0,YEARS,100,YEARS,,,
HAEMATOLOGY,"HB,TC,DC,ESR",NEUTROPHILS,%,M/F,40,70,0,YEARS,100,YEARS,,,
HAEMATOLOGY,"HB,TC,DC,ESR",LYMPHOCYTES,%,M/F,20,40,0,YEARS,100,YEARS,,,
HAEMATOLOGY,"HB,TC,DC,ESR",EOSINOPHILS,%,M/F,0,8,0,YEARS,100,YEARS,,,
HAEMATOLOGY,"HB,TC,DC,ESR",MONOCYTES,%,M/F,0,10,0,YEARS,100,YEARS,,,
HAEMATOLOGY,"HB,TC,DC,ESR",BASOPHILS,%,M/F,0,1,0,YEARS,100,YEARS,,,
HAEMATOLOGY,HBEAG,DROPDOWN-POSITIVE/NEGATIVE,N/A,M/F,,,0,YEARS,100,YEARS,,,
HAEMATOLOGY,ICT / DCT,DROPDOWN-POSITIVE/NEGATIVE,N/A,M/F,,,0,YEARS,100,YEARS,,,
HAEMATOLOGY,LE CELL,DROPDOWN-PRESENT/ABSENT,N/A,M/F,,,0,YEARS,100,YEARS,,,
HAEMATOLOGY,LEPTO IgG & IgM,DROPDOWN-POSITIVE/NEGATIVE,N/A,M/F,,,0,YEARS,100,YEARS,,,
HAEMATOLOGY,LEPTOSPIROSIS IgM,DROPDOWN-POSITIVE/NEGATIVE,N/A,M/F,,,0,YEARS,100,YEARS,,,
HAEMATOLOGY,MALARIAL PARASITE (CARD TEST),DROPDOWN-PRESENT/ABSENT,N/A,M/F,,,0,YEARS,100,YEARS,,,
HAEMATOLOGY,MALARIAL PARASITES SMEAR,DESCRIPTION,N/A,M/F,,,0,YEARS,100,YEARS,,,
HAEMATOLOGY,MANTOUX (PPD),DROPDOWN-REACTIVE/NONREACTIVE,N/A,M/F,,,0,YEARS,100,YEARS,,,
HAEMATOLOGY,MCH,M.C.H,pg,M/F,24,39,0,YEARS,100,YEARS,,,"[{""Gender"": ""M/F"",""AgeMin"": 18,""AgeMinUnit"": ""YEARS"",""AgeMax"": 100,""AgeMaxUnit"": ""YEARS"",""ReferenceRange"": ""26 - 34 pg""},{""Gender"": ""M/F"",""AgeMin"": 0,""AgeMinUnit"": ""MONTHS"",""AgeMax"": 1,""AgeMaxUnit"": ""MONTHS"",""ReferenceRange"": ""33 - 39 pg""},{""Gender"": ""M/F"",""AgeMin"": 1,""AgeMinUnit"": ""YEARS"",""AgeMax"": 2,""AgeMaxUnit"": ""YEARS"",""ReferenceRange"": ""24 - 30 pg""},{""Gender"": ""M/F"",""AgeMin"": 2,""AgeMinUnit"": ""YEARS"",""AgeMax"": 10,""AgeMaxUnit"": ""YEARS"",""ReferenceRange"": ""25 - 31 pg""},{""Gender"": ""M/F"",""AgeMin"": 10,""AgeMinUnit"": ""YEARS"",""AgeMax"": 17,""AgeMaxUnit"": ""YEARS"",""ReferenceRange"": ""26 - 32 pg""}]"
HAEMATOLOGY,MCHC,M.C.H.C,%,M/F,31,38,0,YEARS,100,YEARS,,,------
HAEMATOLOGY,MCV,M.C.V,fl,M/F,72,120,0,YEARS,100,YEARS,,,"[{""Gender"": ""M/F"",""AgeMin"": 0,""AgeMinUnit"": ""MONTHS"",""AgeMax"": 1,""AgeMaxUnit"": ""MONTHS"",""ReferenceRange"": ""100 - 120 fl""},{""Gender"": ""M/F"",""AgeMin"": 1,""AgeMinUnit"": ""MONTHS"",""AgeMax"": 1,""AgeMaxUnit"": ""YEARS"",""ReferenceRange"": ""90 - 100 fl""},{""Gender"": ""M/F"",""AgeMin"": 1,""AgeMinUnit"": ""YEARS"",""AgeMax"": 2,""AgeMaxUnit"": ""YEARS"",""ReferenceRange"": ""72 - 88 fl""},{""Gender"": ""M/F"",""AgeMin"": 2,""AgeMinUnit"": ""YEARS"",""AgeMax"": 10,""AgeMaxUnit"": ""YEARS"",""ReferenceRange"": ""76 - 90 fl""},{""Gender"": ""M/F"",""AgeMin"": 10,""AgeMinUnit"": ""YEARS"",""AgeMax"": 17,""AgeMaxUnit"": ""YEARS"",""ReferenceRange"": ""78 - 95 fl""},{""Gender"": ""M/F"",""AgeMin"": 18,""AgeMinUnit"": ""YEARS"",""AgeMax"": 100,""AgeMaxUnit"": ""YEARS"",""ReferenceRange"": ""80 - 98 fl""}]"
HAEMATOLOGY,MICROFILARIAE (QBC),DROPDOWN-POSITIVE/NEGATIVE,N/A,M/F,,,0,YEARS,100,YEARS,,,------
HAEMATOLOGY,MP (QBC),DROPDOWN-POSITIVE/NEGATIVE,N/A,M/F,,,0,YEARS,100,YEARS,,,------
HAEMATOLOGY,PACKED CELL VOLUME (PCV),PACKED CELL VOLUME (PCV),%,M/F,32,68,0,YEARS,100,YEARS,,,"[{""Gender"": ""M"",""AgeMin"": 10,""AgeMinUnit"": ""YEARS"",""AgeMax"": 17,""AgeMaxUnit"": ""YEARS"",""ReferenceRange"": ""36 - 47 %""},{""Gender"": ""F"",""AgeMin"": 10,""AgeMinUnit"": ""YEARS"",""AgeMax"": 17,""AgeMaxUnit"": ""YEARS"",""ReferenceRange"": ""35 - 45 %""},{""Gender"": ""M/F"",""AgeMin"": 18,""AgeMinUnit"": ""YEARS"",""AgeMax"": 100,""AgeMaxUnit"": ""YEARS"",""ReferenceRange"": ""37 - 47 %""},{""Gender"": ""M/F"",""AgeMin"": 0,""AgeMinUnit"": ""MONTHS"",""AgeMax"": 1,""AgeMaxUnit"": ""MONTHS"",""ReferenceRange"": ""44 - 68 %""},{""Gender"": ""M/F"",""AgeMin"": 1,""AgeMinUnit"": ""MONTHS"",""AgeMax"": 1,""AgeMaxUnit"": ""YEARS"",""ReferenceRange"": ""44 - 55 %""},{""Gender"": ""M/F"",""AgeMin"": 1,""AgeMinUnit"": ""YEARS"",""AgeMax"": 2,""AgeMaxUnit"": ""YEARS"",""ReferenceRange"": ""32 - 42 %""},{""Gender"": ""M/F"",""AgeMin"": 2,""AgeMinUnit"": ""YEARS"",""AgeMax"": 10,""AgeMaxUnit"": ""YEARS"",""ReferenceRange"": ""33 - 45 %""}]"
HAEMATOLOGY,PERIPHERAL SMEAR,DESCRIPTION,N/A,M/F,,,0,YEARS,100,YEARS,,,
HAEMATOLOGY,PLASMA FIBRIDOGEN LEVEL,PLASMA FIBRIDOGEN LEVEL,ng/dl,M/F,200,400,0,YEARS,100,YEARS,,,
HAEMATOLOGY,PLATELET COUNT,PLATELET COUNT,Lakhs/cumm,M/F,1.5,4.5,0,YEARS,100,YEARS,,,
HAEMATOLOGY,PT,TEST,Seconds,M/F,11,17,0,YEARS,100,YEARS,,,
HAEMATOLOGY,RBC COUNT,R.B.C COUNT,mill/cumm,M,4.5,6.2,0,YEARS,100,YEARS,,,
HAEMATOLOGY,RBC COUNT,R.B.C COUNT,mill/cumm,F,4,5.5,0,YEARS,100,YEARS,,,
HAEMATOLOGY,RETICULOCYTE COUNT,RETICULOCYTES,cells/cumm,M/F,0.2,6,0,YEARS,100,YEARS,,,"[{""Gender"": ""M/F"",""AgeMin"": 0,""AgeMinUnit"": ""MONTHS"",""AgeMax"": 1,""AgeMaxUnit"": ""MONTHS"",""ReferenceRange"": ""2 - 6 cells/cumm""},{""Gender"": ""M/F"",""AgeMin"": 1,""AgeMinUnit"": ""MONTHS"",""AgeMax"": 6,""AgeMaxUnit"": ""MONTHS"",""ReferenceRange"": ""0.3 - 1 cells/cumm""},{""Gender"": ""M/F"",""AgeMin"": 6,""AgeMinUnit"": ""MONTHS"",""AgeMax"": 100,""AgeMaxUnit"": ""YEARS"",""ReferenceRange"": ""0.2 - 1 cells/cumm""}]"
HAEMATOLOGY,SMEAR FOR MICROFILARIAE,DESCRIPTION,N/A,M/F,,,0,YEARS,100,YEARS,,,
HAEMATOLOGY,"TC, DC",TOTAL COUNT,cells/cumm,M/F,4000,11000,0,YEARS,100,YEARS,,,
HAEMATOLOGY,"TC, DC",NEUTROPHILS,%,M/F,40,70,0,YEARS,100,YEARS,,,
HAEMATOLOGY,"TC, DC",LYMPHOCYTES,%,M/F,20,40,0,YEARS,100,YEARS,,,
HAEMATOLOGY,"TC, DC",EOSINOPHILS,%,M/F,0,8,0,YEARS,100,YEARS,,,
HAEMATOLOGY,"TC, DC",MONOCYTES,%,M/F,0,10,0,YEARS,100,YEARS,,,
HAEMATOLOGY,"TC, DC",BASOPHILS,%,M/F,0,1,0,YEARS,100,YEARS,,,
HAEMATOLOGY,TOTAL LEUCOCYTE COUNT (TLC),LEUCOCYTE COUNT,cells/cum,M/F,4000,11000,0,YEARS,100,YEARS,,,
HAEMATOLOGY,FERRITIN,SERUM FERRITIN,ng/ml,M/F,10,29,0,YEARS,100,YEARS,,,
BIOCHEMISTRY,17- HYDROXY PROGESTERONE,HYDROXY PROGESTERONE,ng/dL,M,27,199,0,YEARS,100,YEARS,,,
BIOCHEMISTRY,17- HYDROXY PROGESTERONE,FOLLICULAR,ng/dL,F,15,70,0,YEARS,100,YEARS,,,
BIOCHEMISTRY,17- HYDROXY PROGESTERONE,LUTEAL,ng/dL,F,35,290,0,YEARS,100,YEARS,,,
BIOCHEMISTRY,17-HYDROXY CORTICOSTEROIDS IN URINE,DROPDOWN-PRESENT/ABSENT,N/A,M/F,,,0,YEARS,100,YEARS,,,
BIOCHEMISTRY,17-KETOGENIC STEROIDS (URINE),DROPDOWN-PRESENT/ABSENT,N/A,M/F,,,0,YEARS,100,YEARS,,,
BIOCHEMISTRY,24 HOURS URINARY CALCIUM,24 HOURS URINARY CALCIUM,mg/day,M/F,100,300,0,YEARS,100,YEARS,,,
BIOCHEMISTRY,A/G RATIO,A/G RATIO,N/A,M/F,1,1.5,0,YEARS,100,YEARS,,,
BIOCHEMISTRY,ADENOSINE DEAMINASSE (ADA)SERUM,ADA,U/L,M/F,0,40,0,YEARS,100,YEARS,,,
BIOCHEMISTRY,ALBUMIN,SERUM ALBUMIN,g/dl,M/F,3.5,5.2,0,YEARS,100,YEARS,,,
BIOCHEMISTRY,ALKALINE PHOSPHATASE (ALP),ALKALINE PHOSPHATASE,IU/L,M/F,0,462,0,YEARS,100,YEARS,,,"[{""Gender"": ""M"",""AgeMin"": 13,""AgeMinUnit"": ""YEARS"",""AgeMax"": 17,""AgeMaxUnit"": ""YEARS"",""ReferenceRange"": ""0 - 390 IU/L""},{""Gender"": ""F"",""AgeMin"": 13,""AgeMinUnit"": ""YEARS"",""AgeMax"": 17,""AgeMaxUnit"": ""YEARS"",""ReferenceRange"": ""0 - 187 IU/L""},{""Gender"": ""M/F"",""AgeMin"": 18,""AgeMinUnit"": ""YEARS"",""AgeMax"": 100,""AgeMaxUnit"": ""YEARS"",""ReferenceRange"": ""25 - 147 IU/L""},{""Gender"": ""M/F"",""AgeMin"": 0,""AgeMinUnit"": ""MONTHS"",""AgeMax"": 1,""AgeMaxUnit"": ""MONTHS"",""ReferenceRange"": ""0 - 250 IU/L""},{""Gender"": ""M/F"",""AgeMin"": 1,""AgeMinUnit"": ""MONTHS"",""AgeMax"": 6,""AgeMaxUnit"": ""MONTHS"",""ReferenceRange"": ""0 - 449 IU/L""},{""Gender"": ""M/F"",""AgeMin"": 6,""AgeMinUnit"": ""MONTHS"",""AgeMax"": 1,""AgeMaxUnit"": ""YEARS"",""ReferenceRange"": ""0 - 462 IU/L""},{""Gender"": ""M/F"",""AgeMin"": 1,""AgeMinUnit"": ""YEARS"",""AgeMax"": 3,""AgeMaxUnit"": ""YEARS"",""ReferenceRange"": ""0 - 281 IU/L""},{""Gender"": ""M/F"",""AgeMin"": 4,""AgeMinUnit"": ""YEARS"",""AgeMax"": 6,""AgeMaxUnit"": ""YEARS"",""ReferenceRange"": ""0 - 269 IU/L""},{""Gender"": ""M/F"",""AgeMin"": 6,""AgeMinUnit"": ""YEARS"",""AgeMax"": 13,""AgeMaxUnit"": ""YEARS"",""ReferenceRange"": ""0 - 300 IU/L""}]"
BIOCHEMISTRY,AMMONIA,AMMONIA,µmol/L,M/F,11,86,0,YEARS,100,YEARS,,,"-[{""Gender"": ""M/F"",""AgeMin"": 1,""AgeMinUnit"": ""DAYS"",""AgeMax"": 1,""AgeMaxUnit"": ""MONTHS"",""ReferenceRange"": ""21 - 86 µmol/L""},{""Gender"": ""M/F"",""AgeMin"": 1,""AgeMinUnit"": ""MONTHS"",""AgeMax"": 1,""AgeMaxUnit"": ""YEARS"",""ReferenceRange"": ""16 - 47 µmol/L""},{""Gender"": ""M/F"",""AgeMin"": 1,""AgeMinUnit"": ""YEARS"",""AgeMax"": 100,""AgeMaxUnit"": ""YEARS"",""ReferenceRange"": ""11 - 35 µmol/L""}]"
BIOCHEMISTRY,ANTISTREPTOLYSIN O,ANTISTREPTOLYSIN O,IU/mL,M/F,0,200,0,YEARS,100,YEARS,,,
BIOCHEMISTRY,BICARBONATE,BICARBONATE,mmol/L,M/F,21,29,0,YEARS,100,YEARS,,,
BIOCHEMISTRY,BLOOD ALCOHOL LEVEL,BLOOD ALCOHOL LEVEL,mg/dL,M/F,0,10,0,YEARS,100,YEARS,,,
BIOCHEMISTRY,BLOOD SUGAR (FBS/PPBS),FASTING BLOOD SUGAR,mg/dl,M/F,70,110,0,YEARS,100,YEARS,,,
BIOCHEMISTRY,BLOOD SUGAR (FBS/PPBS),POST PRANDIAL BLOOD SUGAR,mg/dl,M/F,110,140,0,YEARS,100,YEARS,,,
BIOCHEMISTRY,BLOOD UREA,BLOOD UREA,mg/dL,M/F,10,50,0,YEARS,100,YEARS,,,
BIOCHEMISTRY,BUN,BLOOD UREA NITROGEN,mg/dl,M/F,5,21,0,YEARS,100,YEARS,,,
BIOCHEMISTRY,C - PEPTIDE,C-PEPTIDE,ng/mL,M/F,1.1,5,0,YEARS,100,YEARS,,,
BIOCHEMISTRY,CARDIAC ENZYME PROFILE,CK,U/L,M,55,170,0,YEARS,100,YEARS,,,
BIOCHEMISTRY,CARDIAC ENZYME PROFILE,CK,U/L,F,30,135,0,YEARS,100,YEARS,,,
BIOCHEMISTRY,CARDIAC ENZYME PROFILE,CK-MB,ng/mL,M/F,0,6,0,YEARS,100,YEARS,,,
BIOCHEMISTRY,CARDIAC ENZYME PROFILE,TROPONIN I,ng/mL,M/F,0,0.04,0,YEARS,100,YEARS,,,
BIOCHEMISTRY,CARDIAC ENZYME PROFILE,LDH,U/L,M/F,140,280,0,YEARS,100,YEARS,,,
BIOCHEMISTRY,CARDIAC ENZYME PROFILE,AST,U/L,M/F,10,40,0,YEARS,100,YEARS,,,
BIOCHEMISTRY,CARDIAC ENZYME PROFILE,MYOGLOBIN,ng/mL,M,25,72,0,YEARS,100,YEARS,,,
BIOCHEMISTRY,CARDIAC ENZYME PROFILE,MYOGLOBIN,ng/mL,F,21,57,0,YEARS,100,YEARS,,,
BIOCHEMISTRY,CEROLOPLASMIN,CEROLOPLASMIN,mg/dL,M/F,20,35,0,YEARS,100,YEARS,,,
BIOCHEMISTRY,CK-MB,CK-MB,ng/mL,M/F,0,5,0,YEARS,100,YEARS,,,
BIOCHEMISTRY,COLD AGGLUTINATION TEST,DROPDOWN-POSITIVE/NEGATIVE,N/A,M/F,,,0,YEARS,100,YEARS,,,
BIOCHEMISTRY,CPK (CK NAK),CPK,U/L,M,0,171,0,YEARS,100,YEARS,,,
BIOCHEMISTRY,CPK (CK NAK),CPK,U/L,F,0,145,0,YEARS,100,YEARS,,,
BIOCHEMISTRY,C-REACTIVE PROTEIN (CRP),C.R.P,mg/L,M/F,0,5,0,YEARS,100,YEARS,,,
BIOCHEMISTRY,D DIMER,D DIMER,ngFEU/ml,M/F,0,800,0,YEARS,100,YEARS,,,
BIOCHEMISTRY,DOUBLE MARKER,DESCRIPTION,N/A,M/F,,,0,YEARS,100,YEARS,,,
BIOCHEMISTRY,FASTING BLOOD SUGAR (FBS),FASTING BLOOD SUGAR,mg/dl,M/F,70,110,0,YEARS,100,YEARS,,,
BIOCHEMISTRY,FASTING SERUM INSULIN,FASTING SERUM INSULIN,µIU/ml,M/F,2,25,0,YEARS,100,YEARS,,,
BIOCHEMISTRY,FERRITIN,FERRITIN,ng/ml,M,30,220,0,YEARS,100,YEARS,,,
BIOCHEMISTRY,FERRITIN,FERRITIN,ng/ml,F,20,110,0,YEARS,100,YEARS,,,
BIOCHEMISTRY,FNAC BREAST,DESCRIPTION,N/A,M/F,,,0,YEARS,100,YEARS,,,
BIOCHEMISTRY,FOLIC ACID,FOLIC ACID,ng/ml,M/F,4.8,37.3,0,YEARS,100,YEARS,,,
BIOCHEMISTRY,GCT,BLOOD GLUCOSE LEVEL,mg/dL,M/F,0,140,0,YEARS,100,YEARS,,,
BIOCHEMISTRY,GGT,GGT,U/L,M,11,43,0,YEARS,100,YEARS,,,
BIOCHEMISTRY,GGT,GGT,U/L,F,9,37,0,YEARS,100,YEARS,,,
BIOCHEMISTRY,GRBS,GRBS,mg/dl,M/F,60,140,0,YEARS,100,YEARS,,,
BIOCHEMISTRY,GROWTH HORMONE (HGH),GROWTH HORMONE,ng/mL,M,0,5,0,YEARS,100,YEARS,,,
BIOCHEMISTRY,GROWTH HORMONE (HGH),GROWTH HORMONE,ng/mL,F,0,10,0,YEARS,100,YEARS,,,
BIOCHEMISTRY,Hb A1 c (GLYCOSYLATED Hb),HbA1c (GLYCOSYLATED Hb),%,M/F,4,6,0,YEARS,100,YEARS,,,
BIOCHEMISTRY,Hb A1 c (GLYCOSYLATED Hb),MEAN BLOOD GLUCOSE,mg/dL,M/F,68,126,0,YEARS,100,YEARS,,,
BIOCHEMISTRY,HDL CHOLESTEROL - DIRECT,HDL CHOLESTEROL - DIRECT,mg/dl,M/F,35,55,0,YEARS,100,YEARS,,,
BIOCHEMISTRY,IONIZED CALCIUM,IONIZED CALCIUM,mmol/L,M/F,1.15,1.33,0,YEARS,100,YEARS,,,
BIOCHEMISTRY,IRON,IRON,mcg/dL,M,50,150,0,YEARS,100,YEARS,,,
BIOCHEMISTRY,IRON,IRON,mcg/dL,F,35,145,0,YEARS,100,YEARS,,,
BIOCHEMISTRY,IRON &TIBC,IRON,mcg/dL,M,50,150,0,YEARS,100,YEARS,,,
BIOCHEMISTRY,IRON &TIBC,IRON,mcg/dL,F,35,145,0,YEARS,100,YEARS,,,
BIOCHEMISTRY,IRON &TIBC,TOTAL IRON BINDING CAPACITY,mcg/dL,M/F,250,400,0,YEARS,100,YEARS,,,
BIOCHEMISTRY,IRON &TIBC,PERCENT SATURATION,%,M/F,14,50,0,YEARS,100,YEARS,,,
BIOCHEMISTRY,LACTATE LEVEL,LACTATE LEVEL,mmol/L,M/F,0.5,1.6,0,YEARS,100,YEARS,,,
BIOCHEMISTRY,LDH,U/L,M/F,135,1100,0,YEARS,100,YEARS,,,"[{""Gender"": ""M/F"",""AgeMin"": 1,""AgeMinUnit"": ""DAYS"",""AgeMax"": 1,""AgeMaxUnit"": ""MONTH"",""ReferenceRange"": ""400 - 1100 U/L""},{""Gender"": ""M/F"",""AgeMin"": 1,""AgeMinUnit"": ""MONTH"",""AgeMax"": 1,""AgeMaxUnit"": ""YEARS"",""ReferenceRange"": ""250 - 600 U/L""},{""Gender"": ""M/F"",""AgeMin"": 1,""AgeMinUnit"": ""YEARS"",""AgeMax"": 10,""AgeMaxUnit"": ""YEARS"",""ReferenceRange"": ""160 - 240 U/L""},{""Gender"": ""M/F"",""AgeMin"": 11,""AgeMinUnit"": ""YEARS"",""AgeMax"": 17,""AgeMaxUnit"": ""YEARS"",""ReferenceRange"": ""140 - 300 U/L""},{""Gender"": ""M/F"",""AgeMin"": 18,""AgeMinUnit"": ""YEARS"",""AgeMax"": 100,""AgeMaxUnit"": ""YEARS"",""ReferenceRange"": ""135 - 225 U/L""}]"
BIOCHEMISTRY,LDL CHOLESTEROL - DIRECT,LDL CHOLESTEROL - DIRECT,mg/dl,M/F,0,150,0,YEARS,100,YEARS,,,
BIOCHEMISTRY,LIPASE,LIPASE,U/L,M/F,0,60,0,YEARS,100,YEARS,,,
BIOCHEMISTRY,LIPID PROFILE TEST (LPT),TOTAL CHOLESTEROL,mg/dl,M,0,200,0,YEARS,100,YEARS,,,
BIOCHEMISTRY,LIPID PROFILE TEST (LPT),TOTAL CHOLESTEROL,mg/dl,F,0,201,0,YEARS,100,YEARS,,,
BIOCHEMISTRY,LIPID PROFILE TEST (LPT),TRIGLYCERIDES,mg/dl,M/F,60,150,0,YEARS,100,YEARS,,,
BIOCHEMISTRY,LIPID PROFILE TEST (LPT),HDL CHOLESTEROL - DIRECT,mg/dl,M,35,50,0,YEARS,100,YEARS,,,
BIOCHEMISTRY,LIPID PROFILE TEST (LPT),HDL CHOLESTEROL - DIRECT,mg/dl,F,45,60,0,YEARS,100,YEARS,,,
BIOCHEMISTRY,LIPID PROFILE TEST (LPT),LDL CHOLESTEROL - DIRECT,mg/dl,M/F,0,150,0,YEARS,100,YEARS,,,
BIOCHEMISTRY,LIPID PROFILE TEST (LPT),VLDL CHOLESTEROL,mg/dl,M/F,0,60,0,YEARS,100,YEARS,,,
BIOCHEMISTRY,LITHIUM,LITHIUM,mmol/L,M/F,0.6,1.2,0,YEARS,100,YEARS,,,
BIOCHEMISTRY,LIVER FUNCTION TEST (LFT),ALKALINE PHOSPHATASE,U/L,M/F,0,462,0,YEARS,100,YEARS,,,"[{""Gender"":""M"",""AgeMin"":13,""AgeMinUnit"":""YEARS"",""AgeMax"":17,""AgeMaxUnit"":""YEARS"",""ReferenceRange"":""0 - 390 U/L""},{""Gender"":""F"",""AgeMin"":13,""AgeMinUnit"":""YEARS"",""AgeMax"":17,""AgeMaxUnit"":""YEARS"",""ReferenceRange"":""0 - 187 U/L""},{""Gender"":""M"",""AgeMin"":1,""AgeMinUnit"":""MONTHS"",""AgeMax"":6,""AgeMaxUnit"":""MONTHS"",""ReferenceRange"":""0 - 449 U/L""},{""Gender"":""M"",""AgeMin"":6,""AgeMinUnit"":""MONTHS"",""AgeMax"":1,""AgeMaxUnit"":""YEARS"",""ReferenceRange"":""0 - 462 U/L""},{""Gender"":""F"",""AgeMin"":1,""AgeMinUnit"":""MONTHS"",""AgeMax"":6,""AgeMaxUnit"":""MONTHS"",""ReferenceRange"":""0 - 449 U/L""},{""Gender"":""F"",""AgeMin"":6,""AgeMinUnit"":""MONTHS"",""AgeMax"":1,""AgeMaxUnit"":""YEARS"",""ReferenceRange"":""0 - 462 U/L""}]"
BIOCHEMISTRY,LIVER FUNCTION TEST (LFT),TOTAL PROTEIN,g/dl,M/F,6,8.5,0,MONTHS,100,YEARS,,,
BIOCHEMISTRY,LIVER FUNCTION TEST (LFT),ALBUMIN,g/dl,M/F,3.5,5.2,0,YEARS,100,YEARS,,,
BIOCHEMISTRY,LIVER FUNCTION TEST (LFT),GLOBULIN,g/dl,M/F,2.3,3.5,0,YEARS,100,YEARS,,,
BIOCHEMISTRY,LIVER FUNCTION TEST (LFT),A/G RATIO,N/A,M/F,1,1.5,0,YEARS,100,YEARS,,,
BIOCHEMISTRY,LIVER FUNCTION TEST (LFT),TOTAL BILIRUBIN,mg/dl,M/F,0,1,0,YEARS,100,YEARS,,,
BIOCHEMISTRY,LIVER FUNCTION TEST (LFT),DIRECT BILIRUBIN,mg/dl,M/F,0,0.25,0,YEARS,100,YEARS,,,
BIOCHEMISTRY,LIVER FUNCTION TEST (LFT),INDIRECT BILIRUBIN,mg/dl,M/F,0,0.75,0,YEARS,100,YEARS,,,
BIOCHEMISTRY,MAGNESIUM,MAGNESIUM,mg/dl,M/F,1.5,2.5,0,YEARS,100,YEARS,,,
BIOCHEMISTRY,MRI-CARTIGRAM,,N/A,M/F,,,0,YEARS,100,YEARS,,,
BIOCHEMISTRY,MRI-CARTILAGE MAPPING,,N/A,M/F,,,0,YEARS,100,YEARS,,,
BIOCHEMISTRY,OGTT 1OOGms 3Hrs,FASTING BLOOD SUGAR,mg/dl,M/F,60,110,0,YEARS,100,YEARS,,,
BIOCHEMISTRY,OGTT 1OOGms 3Hrs,BLOOD SUGAR (1 hour),mg/dl,M/F,70,180,0,YEARS,100,YEARS,,,
BIOCHEMISTRY,OGTT 1OOGms 3Hrs,BLOOD SUGAR (2 hour),mg/dl,M/F,70,155,0,YEARS,100,YEARS,,,
BIOCHEMISTRY,OGTT 1OOGms 3Hrs,BLOOD SUGAR (3 hour),mg/dl,M/F,70,140,0,YEARS,100,YEARS,,,
BIOCHEMISTRY,PLASMA OSMOLARITY,PLASMA OSMOLARITY,mOsm/kg,M/F,275,295,0,YEARS,100,YEARS,,,
BIOCHEMISTRY,POST PRANDIAL BLOOD SUGAR (PPBS),POST PRANDIAL BLOOD SUGAR,mg/dl,M/F,70,140,0,YEARS,100,YEARS,,,
BIOCHEMISTRY,PROTEIN / CREATININE RATIO - URINE (RANDOM),PROTEIN / CREATININE RATIO - URINE (RANDOM),mg/mg,M/F,0,0.2,0,YEARS,100,YEARS,,,
BIOCHEMISTRY,PROTHROMBINE TIME,PROTHROMBINE TIME,sec,M/F,11,14,0,YEARS,100,YEARS,,,
BIOCHEMISTRY,RANDOM BLOOD SUGAR (RBS),RANDOM BLOOD SUGAR,mg/dl,M/F,60,140,0,YEARS,100,YEARS,,,
BIOCHEMISTRY,RENAL FUNCTION TEST (RFT),SERUM URIC ACID,mg/dL,M,3.5,7.2,0,YEARS,100,YEARS,,,
BIOCHEMISTRY,RENAL FUNCTION TEST (RFT),SERUM URIC ACID,mg/dL,F,2.6,6,0,YEARS,100,YEARS,,,
BIOCHEMISTRY,RENAL FUNCTION TEST (RFT),BLOOD UREA,mg/dL,M/F,10,50,0,YEARS,100,YEARS,,,
BIOCHEMISTRY,RENAL FUNCTION TEST (RFT),SERUM CREATININE,mg/dL,M/F,0.6,1.4,0,YEARS,100,YEARS,,,
BIOCHEMISTRY,RHEUMATOID FACTOR (RA),RHEUMATOID FACTOR,IU/mL,M/F,0,15,0,YEARS,100,YEARS,,,
BIOCHEMISTRY,RTPCR,DROPDOWN-POSITIVE/NEGATIVE,N/A,M/F,,,0,YEARS,100,YEARS,,,
BIOCHEMISTRY,SERUM AMYLASE,AMYLASE,IU/L,M/F,0,140,0,YEARS,100,YEARS,,,
BIOCHEMISTRY,SERUM BILIRUBIN,TOTAL BILIRUBIN,mg/dl,M/F,0,1,0,YEARS,100,YEARS,,,
BIOCHEMISTRY,SERUM BILIRUBIN,DIRECT BILIRUBIN,mg/dl,M/F,0,0.25,0,YEARS,100,YEARS,,,
BIOCHEMISTRY,SERUM BILIRUBIN,INDIRECT BILIRUBIN,mg/dl,M/F,0,0.75,0,YEARS,100,YEARS,,,
BIOCHEMISTRY,SERUM CALCIUM,SERUM CALCIUM,mg/dL,M/F,8.6,10.3,0,YEARS,100,YEARS,,,
BIOCHEMISTRY,SERUM CHLORIDE,S. CHLORIDE,mmol/L,M/F,98,108,0,YEARS,100,YEARS,,,
BIOCHEMISTRY,SERUM CREATININE,SERUM CREATININE,mg/dL,M/F,0.6,1.4,0,YEARS,100,YEARS,,,
BIOCHEMISTRY,SERUM ELECTROLYTES,S.SODIUM(NA+),mmol/l,M/F,135,155,0,YEARS,100,YEARS,,,
BIOCHEMISTRY,SERUM ELECTROLYTES,S.POTASSIUM(K+),mmol/l,M/F,3.5,5.5,0,YEARS,100,YEARS,,,
BIOCHEMISTRY,SERUM ELECTROLYTES,S. CHLORIDE,mmol/l,M/F,98,108,0,YEARS,100,YEARS,,,
BIOCHEMISTRY,SERUM GLOBULIN,SERUM GLOBULIN,g/dL,M/F,2.3,3.5,0,YEARS,100,YEARS,,,
BIOCHEMISTRY,SERUM MAGNESIUM,SERUM MAGNESIUM,mg/dL,M/F,1.7,2.4,0,YEARS,100,YEARS,,,
BIOCHEMISTRY,SERUM PHOSPHORUS,SERUM PHOSPHORUS,mg/dl,M/F,1.5,7,0,YEARS,100,YEARS,,,"-[{""Gender"": ""M"",""AgeMin"": 11,""AgeMinUnit"": ""YEARS"",""AgeMax"": 100,""AgeMaxUnit"": ""YEARS"",""ReferenceRange"": ""2.1 - 5.6 mg/dl""},{""Gender"": ""F"",""AgeMin"": 11,""AgeMinUnit"": ""YEARS"",""AgeMax"": 100,""AgeMaxUnit"": ""YEARS"",""ReferenceRange"": ""1.5 - 6.8 mg/dl""},{""Gender"": ""M/F"",""AgeMin"": 1,""AgeMinUnit"": ""YEARS"",""AgeMax"": 10,""AgeMaxUnit"": ""YEARS"",""ReferenceRange"": ""4 - 7 mg/dl""}]"
BIOCHEMISTRY,SERUM POTASSIUM(K+),S.POTASSIUM(K+),mmol/L,M/F,3.5,5.5,0,YEARS,100,YEARS,,,
BIOCHEMISTRY,SERUM PROTEIN ELECTROPHORESIS,ALBUMIN,g/dL,M/F,3.5,5,0,YEARS,100,YEARS,,,
BIOCHEMISTRY,SERUM PROTEIN ELECTROPHORESIS,"-1 
",g/dL,M/F,0.1,0.3,0,YEARS,100,YEARS,,,
BIOCHEMISTRY,SERUM PROTEIN ELECTROPHORESIS,"-2
",g/dL,M/F,0.6,1,0,YEARS,100,YEARS,,,
BIOCHEMISTRY,SERUM PROTEIN ELECTROPHORESIS,"-
",g/dL,M/F,0.7,1.2,0,YEARS,100,YEARS,,,
BIOCHEMISTRY,SERUM PROTEIN ELECTROPHORESIS,"- 
",g/dL,M/F,0.7,1.6,0,YEARS,100,YEARS,,,
BIOCHEMISTRY,SERUM SODIUM (Na+),S.SODIUM,mmol/L,M/F,135,155,0,YEARS,100,YEARS,,,
BIOCHEMISTRY,SERUM TRIGLYCERIDES,SERUM TRIGLYCERIDES,mg/dl,M/F,10,150,0,YEARS,100,YEARS,,,
BIOCHEMISTRY,SERUM URIC ACID,SERUM URIC ACID,mg/dL,M,3.5,7.2,0,YEARS,100,YEARS,,,
BIOCHEMISTRY,SERUM URIC ACID,SERUM URIC ACID,mg/dL,F,2.6,6,0,YEARS,100,YEARS,,,
BIOCHEMISTRY,SGOT,S G O T,U/L,M/F,0,40,0,YEARS,100,YEARS,,,
BIOCHEMISTRY,SGPT,S G P T,U/L,M/F,0,40,0,YEARS,100,YEARS,,,
BIOCHEMISTRY,TOTAL CHOLESTROL,TOTAL CHOLESTROL,mg/dl,M/F,10,199,0,YEARS,100,YEARS,,,
BIOCHEMISTRY,TOTAL PROTEIN,TOTAL PROTEIN,g/dl,M/F,6,8.5,0,YEARS,100,YEARS,,,
BIOCHEMISTRY,TROPININ-I,TROPININ-I,ng/mL,M/F,0,0.04,0,YEARS,100,YEARS,,,
BIOCHEMISTRY,TROPONIN T,DROPDOWN-POSITIVE/NEGATIVE,N/A,M/F,,,0,YEARS,100,YEARS,,,
BIOCHEMISTRY,VLDL,VLDL CHOLESTEROL,mg/dl,M/F,0,60,0,YEARS,100,YEARS,,,
HORMONE ASSAYS,17-OH-PROGESTERONE,OH-PROGESTERONE,ng/dL,M,0,220,0,YEARS,100,YEARS,,,
HORMONE ASSAYS,17-OH-PROGESTERONE,FOLLICULAR,ng/dL,F,0,80,0,YEARS,100,YEARS,,,
HORMONE ASSAYS,17-OH-PROGESTERONE,LUTEAL,ng/dL,F,0,285,0,YEARS,100,YEARS,,,
HORMONE ASSAYS,ACCP(ANTICYCLIC CITRALLINATED PEPTIDE),ACCP(ANTICYCLIC CITRALLINATED PEPTIDE),U/mL,M/F,0,20,0,YEARS,100,YEARS,,,
HORMONE ASSAYS,AFP,AFP,ng/mL,M/F,0,50000,0,YEARS,100,YEARS,,,"[{""Gender"": ""M/F"",""AgeMin"": 1,""AgeMinUnit"": ""DAYS"",""AgeMax"": 1,""AgeMaxUnit"": ""MONTHS"",""ReferenceRange"": ""0 - 50000 ng/mL""},{""Gender"": ""M/F"",""AgeMin"": 1,""AgeMinUnit"": ""MONTHS"",""AgeMax"": 1,""AgeMaxUnit"": ""YEARS"",""ReferenceRange"": ""0 - 100 ng/mL""},{""Gender"": ""M/F"",""AgeMin"": 1,""AgeMinUnit"": ""YEARS"",""AgeMax"": 100,""AgeMaxUnit"": ""YEARS"",""ReferenceRange"": ""0 - 10 ng/mL""}]"
HORMONE ASSAYS,ANTI Ds DNA,ANTI Ds DNA,IU/ml,M/F,0,100,0,YEARS,100,YEARS,,,
HORMONE ASSAYS,ANTI HAV IGM,ANTI HAV IGM,s/Co,M/F,0,0.99,0,YEARS,100,YEARS,,,
HORMONE ASSAYS,B -HCG,-- HCG,mIU/ml,M/F,0,5,0,YEARS,100,YEARS,,,
HORMONE ASSAYS,CA 19-9,CA 19-9,U/ml,M/F,0,37,0,YEARS,100,YEARS,,,
HORMONE ASSAYS,CEA,CEA,ng/mL,M/F,0,3,0,YEARS,100,YEARS,,,
HORMONE ASSAYS,ESTRADIOL,ESTRADIOL,pg/ml,M/F,0,450,0,YEARS,100,YEARS,,,"[{""Gender"": ""M/F"",""AgeMin"": 1,""AgeMinUnit"": ""DAYS"",""AgeMax"": 17,""AgeMaxUnit"": ""YEARS"",""ReferenceRange"": ""0 - 20 pg/mL""},{""Gender"": ""M"",""AgeMin"": 18,""AgeMinUnit"": ""YEARS"",""AgeMax"": 100,""AgeMaxUnit"": ""YEARS"",""ReferenceRange"": ""10 - 50 pg/mL""},{""Gender"": ""F"",""AgeMin"": 18,""AgeMinUnit"": ""YEARS"",""AgeMax"": 100,""AgeMaxUnit"": ""YEARS"",""ReferenceRange"": ""20 - 350 pg/mL (Follicular)""},{""Gender"": ""F"",""AgeMin"": 18,""AgeMinUnit"": ""YEARS"",""AgeMax"": 100,""AgeMaxUnit"": ""YEARS"",""ReferenceRange"": ""30 - 450 pg/mL (Luteal)""},{""Gender"": ""F"",""AgeMin"": 0,""AgeMinUnit"": ""YEARS"",""AgeMax"": 100,""AgeMaxUnit"": ""YEARS"",""ReferenceRange"": ""0 - 20 pg/mL (Postmeno)""}]"
HORMONE ASSAYS,FREE TESTOSTERONE,FREE TESTOSTERONE,cg/mL,M/F,0.04,4.18,0,YEARS,100,YEARS,,,
HORMONE ASSAYS,FSH,FOLLICLE STIMULATING HORMONE (FSH),µIU/ml,M,1.7,12,0,YEARS,100,YEARS,,,
HORMONE ASSAYS,FSH,FOLLICLE STIMULATING HORMONE (FSH),µIU/ml,F,2,25,0,YEARS,100,YEARS,,,
HORMONE ASSAYS,FT3,FT3,pmol/L,M/F,2.3,4.2,0,YEARS,100,YEARS,,,
HORMONE ASSAYS,FT4,FT4,pmol/L,M/F,0.89,1.76,0,YEARS,100,YEARS,,,
HORMONE ASSAYS,HLAB-27,DROPDOWN-POSITIVE/NEGATIVE,N/A,M/F,,,0,YEARS,100,YEARS,,,
HORMONE ASSAYS,LH,LUTEINIZING HORMONE (LH),µlU/ml,M,1.1,7,0,YEARS,100,YEARS,,,
HORMONE ASSAYS,LH,LUTEINIZING HORMONE (LH),µlU/ml,F,0.6,105,0,YEARS,100,YEARS,,,
HORMONE ASSAYS,PROGESTERONE,PROGESTERONE,µIU/ml,M,0.25,0.56,0,YEARS,100,YEARS,,,
HORMONE ASSAYS,PROGESTERONE,PROGESTERONE,µIU/ml,F,0.1,25,0,YEARS,100,YEARS,,,
HORMONE ASSAYS,PROLACTIN,PROLACTIN,ng/ml,M,3,25,0,YEARS,100,YEARS,,,
HORMONE ASSAYS,PROLACTIN,PROLACTIN,ng/ml,F,5,35,0,YEARS,100,YEARS,,,
HORMONE ASSAYS,PSA,P.S.A,ng/ml,M/F,0,4,0,YEARS,100,YEARS,,,
HORMONE ASSAYS,SERUM CORTISOL,CORTISOL EVENING,ng/ml,M/F,32.4,150,0,YEARS,100,YEARS,,,
HORMONE ASSAYS,SERUM CORTISOL,CORTISOL MORNING,ng/ml,M/F,72.6,322.8,0,YEARS,100,YEARS,,,
HORMONE ASSAYS,SERUM CORTISOL,CORTISOL RANDOM,ng/ml,M/F,52,350,0,YEARS,100,YEARS,,,
HORMONE ASSAYS,SPUTUM FUNGUS STAIN,DESCRIPTION,N/A,M/F,,,0,YEARS,100,YEARS,,,
HORMONE ASSAYS,T3,TOTAL TRIIODOTHYRONINE (T3),nmol/L,M/F,0.93,11.4,0,YEARS,100,YEARS,,,"[{""Gender"": ""F"",""AgeMin"": 20,""AgeMinUnit"": ""YEARS"",""AgeMax"": 45,""AgeMaxUnit"": ""YEARS"",""ReferenceRange"": ""0.93 - 3.7 nmol/L""},{""Gender"": ""M/F"",""AgeMin"": 45,""AgeMinUnit"": ""YEARS"",""AgeMax"": 100,""AgeMaxUnit"": ""YEARS"",""ReferenceRange"": ""0.93 - 3.3 nmol/L""},{""Gender"": ""M/F"",""AgeMin"": 4,""AgeMinUnit"": ""DAYS"",""AgeMax"": 1,""AgeMaxUnit"": ""MONTHS"",""ReferenceRange"": ""1.6 - 5.3 nmol/L""},{""Gender"": ""M/F"",""AgeMin"": 1,""AgeMinUnit"": ""MONTHS"",""AgeMax"": 1,""AgeMaxUnit"": ""YEARS"",""ReferenceRange"": ""1.6 - 3.8 nmol/L""},{""Gender"": ""M/F"",""AgeMin"": 1,""AgeMinUnit"": ""YEARS"",""AgeMax"": 5,""AgeMaxUnit"": ""YEARS"",""ReferenceRange"": ""1.6 - 4.1 nmol/L""},{""Gender"": ""M/F"",""AgeMin"": 6,""AgeMinUnit"": ""YEARS"",""AgeMax"": 10,""AgeMaxUnit"": ""YEARS"",""ReferenceRange"": ""0.93 - 3.7 nmol/L""},{""Gender"": ""M/F"",""AgeMin"": 0,""AgeMinUnit"": ""DAYS"",""AgeMax"": 4,""AgeMaxUnit"": ""DAYS"",""ReferenceRange"": ""1.5 - 11.4 nmol/L""}]"
HORMONE ASSAYS,T4,TOTAL THYROXINE (T4),nmol/L,M/F,55,277,0,YEARS,100,YEARS,,,"[{""Gender"": ""F"",""AgeMin"": 20,""AgeMinUnit"": ""YEARS"",""AgeMax"": 45,""AgeMaxUnit"": ""YEARS"",""ReferenceRange"": ""60 - 120 nmol/L""},{""Gender"": ""M/F"",""AgeMin"": 46,""AgeMinUnit"": ""YEARS"",""AgeMax"": 100,""AgeMaxUnit"": ""YEARS"",""ReferenceRange"": ""60 - 120 nmol/L""},{""Gender"": ""M/F"",""AgeMin"": 4,""AgeMinUnit"": ""DAYS"",""AgeMax"": 1,""AgeMaxUnit"": ""MONTHS"",""ReferenceRange"": ""106 - 221 nmol/L""},{""Gender"": ""M/F"",""AgeMin"": 1,""AgeMinUnit"": ""MONTHS"",""AgeMax"": 1,""AgeMaxUnit"": ""YEARS"",""ReferenceRange"": ""76 - 210 nmol/L""},{""Gender"": ""M/F"",""AgeMin"": 1,""AgeMinUnit"": ""YEARS"",""AgeMax"": 5,""AgeMaxUnit"": ""YEARS"",""ReferenceRange"": ""94 - 193 nmol/L""},{""Gender"": ""M/F"",""AgeMin"": 6,""AgeMinUnit"": ""YEARS"",""AgeMax"": 10,""AgeMaxUnit"": ""YEARS"",""ReferenceRange"": ""82 - 171 nmol/L""},{""Gender"": ""M/F"",""AgeMin"": 11,""AgeMinUnit"": ""YEARS"",""AgeMax"": 15,""AgeMaxUnit"": ""YEARS"",""ReferenceRange"": ""71 - 152 nmol/L""},{""Gender"": ""M/F"",""AgeMin"": 16,""AgeMinUnit"": ""YEARS"",""AgeMax"": 20,""AgeMaxUnit"": ""YEARS"",""ReferenceRange"": ""55 - 152 nmol/L""},{""Gender"": ""M/F"",""AgeMin"": 1,""AgeMinUnit"": ""DAYS"",""AgeMax"": 4,""AgeMaxUnit"": ""DAYS"",""ReferenceRange"": ""142 - 277 nmol/L""}]"
HORMONE ASSAYS,TESTOSTERONE,TESTOSTERONE,ng/ml,M,3,10.4,0,YEARS,100,YEARS,,,
HORMONE ASSAYS,TESTOSTERONE,TESTOSTERONE,ng/ml,F,0.1,0.9,0,YEARS,100,YEARS,,,
HORMONE ASSAYS,"THYROID ANTIBODIES, SERUM",ANTI TPO,IU/mL,M/F,0,35,0,YEARS,100,YEARS,,,
HORMONE ASSAYS,"THYROID ANTIBODIES, SERUM",ANTI TG,IU/mL,M/F,0,40,0,YEARS,100,YEARS,,,
HORMONE ASSAYS,"THYROID ANTIBODIES, SERUM",TRAB,IU/mL,M/F,0,1.75,0,YEARS,100,YEARS,,,
HORMONE ASSAYS,"THYROID PROFILE (T3, T4, TSH)",TOTAL TRIIODOTHYRONINE (T3),nmol/L,M/F,0.6,1.8,0,YEARS,100,YEARS,,,
HORMONE ASSAYS,"THYROID PROFILE (T3, T4, TSH)",TOTAL THYROXINE (T4),nmol/L,M/F,4.5,12.6,0,YEARS,100,YEARS,,,
HORMONE ASSAYS,"THYROID PROFILE (T3, T4, TSH)",THYROID STIMULATING HORMONE (TSH),µlU/ml,M/F,0.35,5.5,0,YEARS,100,YEARS,,,
HORMONE ASSAYS,TORCH IgG,DROPDOWN-POSITIVE/NEGATIVE,N/A,M/F,,,0,YEARS,100,YEARS,,,
HORMONE ASSAYS,TORCH IgM,DROPDOWN-POSITIVE/NEGATIVE,N/A,M/F,,,0,YEARS,100,YEARS,,,
HORMONE ASSAYS,TORCH PANEL,TOXOPLASMA GONDII(TOXO)-IGG,IU/mL,M/F,8,11,0,YEARS,100,YEARS,,,
HORMONE ASSAYS,TORCH PANEL,TOXOPLASMA GONDII(TOXO)-IGM,Ratio,M/F,0.8,1.1,0,YEARS,100,YEARS,,,
HORMONE ASSAYS,TORCH PANEL,RUBELLA IGG,IU/mL,M/F,8,11,0,YEARS,100,YEARS,,,
HORMONE ASSAYS,TORCH PANEL,RUBELLA IGM,Ratio,M/F,0.8,1.1,0,YEARS,100,YEARS,,,
HORMONE ASSAYS,TORCH PANEL,CYTOMEGALO VIRUS IGG(CMV-IGG),RU/mL,M/F,16,22,0,YEARS,100,YEARS,,,
HORMONE ASSAYS,TORCH PANEL,CYTOMEGALO VIRUS IGM(CMV-IGM),Ratio,M/F,0.8,1.1,0,YEARS,100,YEARS,,,
HORMONE ASSAYS,TORCH PANEL,HERPES SIMPLEX VIRUS(HSV-1)-IGG,RU/mL,M/F,16,22,0,YEARS,100,YEARS,,,
HORMONE ASSAYS,TPHA,TPHA,s/Co,M/F,0,1,0,YEARS,100,YEARS,,,
HORMONE ASSAYS,TRIPLE MARKER TEST,DESCRIPTION,N/A,M/F,,,0,YEARS,100,YEARS,,,
HORMONE ASSAYS,TSH,THYROID STIMULATING HORMONE (TSH),µIU/ml,M/F,0.35,30,0,YEARS,100,YEARS,,,"[{""Gender"": ""M/F"",""AgeMin"": 21,""AgeMinUnit"": ""YEARS"",""AgeMax"": 100,""AgeMaxUnit"": ""YEARS"",""ReferenceRange"": ""0.35 - 5.5 µIU/ml""},{""Gender"": ""M/F"",""AgeMin"": 1,""AgeMinUnit"": ""MONTHS"",""AgeMax"": 1,""AgeMaxUnit"": ""YEARS"",""ReferenceRange"": ""0.8 - 8.2 µIU/ml""},{""Gender"": ""M/F"",""AgeMin"": 1,""AgeMinUnit"": ""DAYS"",""AgeMax"": 4,""AgeMaxUnit"": ""WEEKS"",""ReferenceRange"": ""1.7 - 9.1 µIU/ml""},{""Gender"": ""M/F"",""AgeMin"": 1,""AgeMinUnit"": ""DAYS"",""AgeMax"": 4,""AgeMaxUnit"": ""DAYS"",""ReferenceRange"": ""1.6 - 30 µIU/ml""},{""Gender"": ""M/F"",""AgeMin"": 1,""AgeMinUnit"": ""YEARS"",""AgeMax"": 20,""AgeMaxUnit"": ""YEARS"",""ReferenceRange"": ""0.7 - 5.7 µIU/ml""}]"
HORMONE ASSAYS,Vitamin B12,VITAMIN B-12,pg/ml,M/F,211,911,0,YEARS,100,YEARS,,,
HORMONE ASSAYS,VITAMIN D3,25-OH VITAMIN D (TOTAL),ng/ml,M/F,30,100,0,YEARS,100,YEARS,,,
MICROBIOLOGY,CULTURE & SENSITIVITY - BLOOD,DESCRIPTION,N/A,M/F,,,0,YEARS,100,YEARS,,,
MICROBIOLOGY,CULTURE & SENSITIVITY - BRONCHIAL WASH,DESCRIPTION,N/A,M/F,,,0,YEARS,100,YEARS,,,
MICROBIOLOGY,CULTURE & SENSITIVITY - CATHETER TIP,DESCRIPTION,N/A,M/F,,,0,YEARS,100,YEARS,,,
MICROBIOLOGY,CULTURE & SENSITIVITY - CVP TIP,DESCRIPTION,N/A,M/F,,,0,YEARS,100,YEARS,,,
MICROBIOLOGY,CULTURE & SENSITIVITY - EAR /THROAT SWAB,DESCRIPTION,N/A,M/F,,,0,YEARS,100,YEARS,,,
MICROBIOLOGY,CULTURE & SENSITIVITY - ET TUBE TIP,DESCRIPTION,N/A,M/F,,,0,YEARS,100,YEARS,,,
MICROBIOLOGY,CULTURE & SENSITIVITY - EYE SWAB,DESCRIPTION,N/A,M/F,,,0,YEARS,100,YEARS,,,
MICROBIOLOGY,CULTURE & SENSITIVITY - FLUID,DESCRIPTION,N/A,M/F,,,0,YEARS,100,YEARS,,,
MICROBIOLOGY,CULTURE & SENSITIVITY - OT SWAB,DESCRIPTION,N/A,M/F,,,0,YEARS,100,YEARS,,,
MICROBIOLOGY,CULTURE & SENSITIVITY - PUS,DESCRIPTION,N/A,M/F,,,0,YEARS,100,YEARS,,,
MICROBIOLOGY,CULTURE & SENSITIVITY - SPUTUM,DESCRIPTION,N/A,M/F,,,0,YEARS,100,YEARS,,,
MICROBIOLOGY,CULTURE & SENSITIVITY - STOOL,DESCRIPTION,N/A,M/F,,,0,YEARS,100,YEARS,,,
MICROBIOLOGY,CULTURE & SENSITIVITY - SYNOVIAL FLUID,DESCRIPTION,N/A,M/F,,,0,YEARS,100,YEARS,,,
MICROBIOLOGY,CULTURE & SENSITIVITY - TISSUE,DESCRIPTION,N/A,M/F,,,0,YEARS,100,YEARS,,,
MICROBIOLOGY,CULTURE & SENSITIVITY - URINE,DESCRIPTION,N/A,M/F,,,0,YEARS,100,YEARS,,,
MICROBIOLOGY,CULTURE & SENSITIVITY - VAGINAL SWAB,DESCRIPTION,N/A,M/F,,,0,YEARS,100,YEARS,,,
MICROBIOLOGY,GRAM STAIN,DESCRIPTION,N/A,M/F,,,0,YEARS,100,YEARS,,,
MICROBIOLOGY,SPUTUM FOR AFB,DROPDOWN-POSITIVE/NEGATIVE,N/A,M/F,,,0,YEARS,100,YEARS,,,
MICROBIOLOGY,UMBILICAL TIP FOR CULTURE,DESCRIPTION,N/A,M/F,,,0,YEARS,100,YEARS,,,
OTHER TESTS,2D ECHO,DESCRIPTION,N/A,M/F,,,0,YEARS,100,YEARS,,,
OTHER TESTS,ANA,DROPDOWN-POSITIVE/NEGATIVE,N/A,M/F,,,0,YEARS,100,YEARS,,,
OTHER TESTS,CSF CYTOLOGY,DESCRIPTION,N/A,M/F,,,0,YEARS,100,YEARS,,,
OTHER TESTS,INDIA INK PREPARATION,DESCRIPTION,N/A,M/F,,,0,YEARS,100,YEARS,,,
OTHER TESTS,INHALATION ALLERGY TES,DESCRIPTION,N/A,M/F,,,0,YEARS,100,YEARS,,,
OTHER TESTS,KOH MOUNT,DESCRIPTION,N/A,M/F,,,0,YEARS,100,YEARS,,,
OTHER TESTS,PAP SMEAR,DESCRIPTION,N/A,M/F,,,0,YEARS,100,YEARS,,,
OTHER TESTS,PAP SMEAR CYTOLOGY,DESCRIPTION,N/A,M/F,,,0,YEARS,100,YEARS,,,
OTHER TESTS,PLEURAL FLUID CYTOLOGY,DESCRIPTION,N/A,M/F,,,0,YEARS,100,YEARS,,,
OTHER TESTS,SPUTUM CYTOLOGY,DESCRIPTION,N/A,M/F,,,0,YEARS,100,YEARS,,,
OTHER TESTS,URINE CYTOLOGY,DESCRIPTION,N/A,M/F,,,0,YEARS,100,YEARS,,,
OTHER TESTS,R A T (CARD TEST),DROPDOWN-POSITIVE/NEGATIVE,N/A,M/F,,,0,YEARS,100,YEARS,,,
OTHER TESTS,LUMBER SPINE (LAT VIEW),DESCRIPTION,N/A,M/F,,,0,YEARS,100,YEARS,,,
SEROLOGY,ASO TITRE,ASO TITRE,IU/mL,M/F,0,200,0,YEARS,100,YEARS,,,
SEROLOGY,CD4,CD4 COUNT,cells/µL,M/F,500,1600,0,YEARS,100,YEARS,,,
SEROLOGY,CHIKUNGUNYA IgM,DROPDOWN-POSITIVE/NEGATIVE,N/A,M/F,,,0,YEARS,100,YEARS,,,
SEROLOGY,HBsAg (CARD TEST),DROPDOWN-POSITIVE/NEGATIVE,N/A,M/F,,,0,YEARS,100,YEARS,,,
SEROLOGY,HBsAg ELISA,DROPDOWN-POSITIVE/NEGATIVE,N/A,M/F,,,0,YEARS,100,YEARS,,,
SEROLOGY,HCV (CARD TEST),DROPDOWN-POSITIVE/NEGATIVE,N/A,M/F,,,0,YEARS,100,YEARS,,,
SEROLOGY,HCV CLIA,DROPDOWN-POSITIVE/NEGATIVE,N/A,M/F,,,0,YEARS,100,YEARS,,,
SEROLOGY,HIV 1 & 2,DROPDOWN-POSITIVE/NEGATIVE,N/A,M/F,,,0,YEARS,100,YEARS,,,
SEROLOGY,HIV CLIA,DROPDOWN-POSITIVE/NEGATIVE,N/A,M/F,,,0,YEARS,100,YEARS,,,
SEROLOGY,HIV ELISA,DROPDOWN-POSITIVE/NEGATIVE,N/A,M/F,,,0,YEARS,100,YEARS,,,
SEROLOGY,IgE LEVEL,IGE LEVEL,IU/ml,M/F,0,200,0,YEARS,100,YEARS,,,
SEROLOGY,PCT,PCT,ng/ml,M/F,0,0.5,0,YEARS,100,YEARS,,,
SEROLOGY,PIH PROFILE,URIC ACID,mg/dL,M,3.4,7,0,YEARS,100,YEARS,,,
SEROLOGY,PIH PROFILE,URIC ACID,mg/dL,F,2.6,6,0,YEARS,100,YEARS,,,
SEROLOGY,PIH PROFILE,LDH[LACTATE DEHYDROGENASE],U/L,M/F,125,220,0,YEARS,100,YEARS,,,
SEROLOGY,PIH PROFILE,PROTEINURIA(24HR),mg/24h,M/F,0,150,0,YEARS,100,YEARS,,,
SEROLOGY,VDRL,DROPDOWN-REACTIVE/NONREACTIVE,N/A,M/F,,,0,YEARS,100,YEARS,,,
SEROLOGY,WEIL - FELIX TEST,DESCRIPTION,N/A,M/F,,,0,YEARS,100,YEARS,,,
SEROLOGY,WIDAL SLIDE,DESCRIPTION,N/A,M/F,,,0,YEARS,100,YEARS,,,
SEROLOGY,WIDAL TUBE TEST,DESCRIPTION,N/A,M/F,,,0,YEARS,100,YEARS,,,
RADIOLOGY,X-ray Pelvis LAT view,,N/A,M/F,,,0,YEARS,100,YEARS,,,
RADIOLOGY,USG OF WHOLE ABDOMEN (MALE),,N/A,M/F,,,0,YEARS,100,YEARS,,,
RADIOLOGY,USG OF CAROTID DOPPLER,,N/A,M/F,,,0,YEARS,100,YEARS,,,
RADIOLOGY,OBSTERIC ULTRASOUND,,N/A,M/F,,,0,YEARS,100,YEARS,,,
RADIOLOGY,CT SCAN OF BRAIN ( PLAIN STUDY),,N/A,M/F,,,0,YEARS,100,YEARS,,,
RADIOLOGY,CT WHOLE ABDOMEN (MALE),,N/A,M/F,,,0,YEARS,100,YEARS,,,
RADIOLOGY,CT PNS AXIAL AND CORONAL,,N/A,M/F,,,0,YEARS,100,YEARS,,,
RADIOLOGY,CT CHEST (HRCT) PLAIN,,N/A,M/F,,,0,YEARS,100,YEARS,,,
RADIOLOGY,CT MASTIODS,,N/A,M/F,,,0,YEARS,100,YEARS,,,
RADIOLOGY,CT 3D FACIAL BONE,,N/A,M/F,,,0,YEARS,100,YEARS,,,
RADIOLOGY,CT KUB,,N/A,M/F,,,0,YEARS,100,YEARS,,,
RADIOLOGY,CT - CERVICAL SPINE (PLAIN),,N/A,M/F,,,0,YEARS,100,YEARS,,,
RADIOLOGY,CT LUMBER SPAIN,,N/A,M/F,,,0,YEARS,100,YEARS,,,
RADIOLOGY,CT CHEST PLAIN,,N/A,M/F,,,0,YEARS,100,YEARS,,,
RADIOLOGY,X-RAY CHEST PA VIEW,,N/A,M/F,,,0,YEARS,100,YEARS,,,
RADIOLOGY,X-RAY ABDOMEN ERECT,,N/A,M/F,,,0,YEARS,100,YEARS,,,
RADIOLOGY,X-RAY ANKLE AP AND LATERAL VIEW,,N/A,M/F,,,0,YEARS,100,YEARS,,,
RADIOLOGY,X-RAY ARM AP AND LATERAL VIEW,,N/A,M/F,,,0,YEARS,100,YEARS,,,
RADIOLOGY,X-RAY BARIUM ENEMA,,N/A,M/F,,,0,YEARS,100,YEARS,,,
RADIOLOGY,X-RAY BARIUM MEAL FOLLOW THROUGH,,N/A,M/F,,,0,YEARS,100,YEARS,,,
RADIOLOGY,X-RAY BARIUM MEAL MEAL SERIES,,N/A,M/F,,,0,YEARS,100,YEARS,,,
RADIOLOGY,X-RAY BARIUM SWALLOW,,N/A,M/F,,,0,YEARS,100,YEARS,,,
RADIOLOGY,X - RAY CERVICAL SPINE AP & LATERAL,,N/A,M/F,,,0,YEARS,100,YEARS,,,
RADIOLOGY,X-RAY DORSAL SPINE AP & LATERAL VIEWS,,N/A,M/F,,,0,YEARS,100,YEARS,,,
RADIOLOGY,X-RAY LUMBAL SPINE AP AND LAT VIEW,,N/A,M/F,,,0,YEARS,100,YEARS,,,
RADIOLOGY,X-RAY PELVIS AP VIEW,,N/A,M/F,,,0,YEARS,100,YEARS,,,
RADIOLOGY,X-RAY SHOULDER AP VIEW,,N/A,M/F,,,0,YEARS,100,YEARS,,,
RADIOLOGY,X-RAY WRIST AP & LAT VIEW,,N/A,M/F,,,0,YEARS,100,YEARS,,,
RADIOLOGY,X-RAY SKULL AP and LATERAL VIEW,,N/A,M/F,,,0,YEARS,100,YEARS,,,
RADIOLOGY,X- RAY PNS,,N/A,M/F,,,0,YEARS,100,YEARS,,,
RADIOLOGY,X-RAY LEG AP AND LATERAL VIEW,,N/A,M/F,,,0,YEARS,100,YEARS,,,
RADIOLOGY,X-RAY HIP AP and LATERAL VIEW,,N/A,M/F,,,0,YEARS,100,YEARS,,,
RADIOLOGY,X-RAY FORE ARM AP & LAT VIEW,,N/A,M/F,,,0,YEARS,100,YEARS,,,
RADIOLOGY,X- RAY FOOT AP AND OBLIQUE VIEW DIGITAL,,N/A,M/F,,,0,YEARS,100,YEARS,,,
RADIOLOGY,X-RAY ELBOW AP AND LAT VIEW,,N/A,M/F,,,0,YEARS,100,YEARS,,,
RADIOLOGY,X-RAY BOTH KNEE AP AND LAT VIEW,,N/A,M/F,,,0,YEARS,100,YEARS,,,
RADIOLOGY,X-RAY KNEE AP AND LAT VIEW ( Digital),,N/A,M/F,,,0,YEARS,100,YEARS,,,
RADIOLOGY,X-RAY HSG,,N/A,M/F,,,0,YEARS,100,YEARS,,,
RADIOLOGY,X-RAY IVP,,N/A,M/F,,,0,YEARS,100,YEARS,,,
RADIOLOGY,X-RAY KUB,,N/A,M/F,,,0,YEARS,100,YEARS,,,
RADIOLOGY,ECG,,N/A,M/F,,,0,YEARS,100,YEARS,,,
RADIOLOGY,MAMMOGRAPHY,,N/A,M/F,,,0,YEARS,100,YEARS,,,
RADIOLOGY,EEG,,N/A,M/F,,,0,YEARS,100,YEARS,,,
RADIOLOGY,KG X-RAY ANKLE AP/LAT,,N/A,M/F,,,0,YEARS,100,YEARS,,,
RADIOLOGY,X- RAY LEFT HIP LAT VIEW,,N/A,M/F,,,0,YEARS,100,YEARS,,,
RADIOLOGY,X-RAY ANKLE AP & LATERAL VIEWS,,N/A,M/F,,,0,YEARS,100,YEARS,,,
RADIOLOGY,X-RAY THIGH LAT VIEW,,N/A,M/F,,,0,YEARS,100,YEARS,,,
RADIOLOGY,ULTRA SOUND ABDOMEN FEMALE (USF),,N/A,M/F,,,0,YEARS,100,YEARS,,,
RADIOLOGY,CT CONTRAST,,N/A,M/F,,,0,YEARS,100,YEARS,,,
RADIOLOGY,ULTRA SOUND LEFT LOWER LIMB,,N/A,M/F,,,0,YEARS,100,YEARS,,,
RADIOLOGY,ULTRA NEUROSONOGRAM,,N/A,M/F,,,0,YEARS,100,YEARS,,,
RADIOLOGY,EARLY TIFFA,,N/A,M/F,,,0,YEARS,100,YEARS,,,
RADIOLOGY,TWINS TIFFA,,N/A,M/F,,,0,YEARS,100,YEARS,,,
RADIOLOGY,FOLLICULAR STUDY USG,,N/A,M/F,,,0,YEARS,100,YEARS,,,
RADIOLOGY,ULTRA SOUND CHEST SCREENING,,N/A,M/F,,,0,YEARS,100,YEARS,,,
RADIOLOGY,ULTRA SOUND GRAVID UTERUS,,N/A,M/F,,,0,YEARS,100,YEARS,,,
RADIOLOGY,ULTRA SOUND GUIDED ASPIRATION THERAPEUTIC,,N/A,M/F,,,0,YEARS,100,YEARS,,,
RADIOLOGY,ULTRA SOUND KNEE,,N/A,M/F,,,0,YEARS,100,YEARS,,,
RADIOLOGY,ULTRA SOUND RIGHT ARM & ELBOW,,N/A,M/F,,,0,YEARS,100,YEARS,,,
RADIOLOGY,ULTRA SOUND SCROTUM,,N/A,M/F,,,0,YEARS,100,YEARS,,,
RADIOLOGY,ULTRA SOUND THIGH,,N/A,M/F,,,0,YEARS,100,YEARS,,,
RADIOLOGY,ULTRASOUND BOTH BREASTS,,N/A,M/F,,,0,YEARS,100,YEARS,,,
RADIOLOGY,ULTRASOUND CHEST & ABDOMEN,,N/A,M/F,,,0,YEARS,100,YEARS,,,
RADIOLOGY,ULTRASOUND INCLUDING INGUINAL REGION,,N/A,M/F,,,0,YEARS,100,YEARS,,,
RADIOLOGY,ULTRASOUND SMALL PARTS,,N/A,M/F,,,0,YEARS,100,YEARS,,,
RADIOLOGY,ULTRASOUND ABDOMEN,,N/A,M/F,,,0,YEARS,100,YEARS,,,
RADIOLOGY,ULTRASOUND ABDOMEN & PELVIS,,N/A,M/F,,,0,YEARS,100,YEARS,,,
RADIOLOGY,ULTRASOUND ABDOMEN CHILD,,N/A,M/F,,,0,YEARS,100,YEARS,,,
RADIOLOGY,ULTRASOUND ANTENATAL,,N/A,M/F,,,0,YEARS,100,YEARS,,,
RADIOLOGY,ULTRASOUND ANTENATAL - TIFFA,,N/A,M/F,,,0,YEARS,100,YEARS,,,
RADIOLOGY,ULTRASOUND ASPIRATION,,N/A,M/F,,,0,YEARS,100,YEARS,,,
RADIOLOGY,ULTRASOUND BIOPHYSICAL PROFILE,,N/A,M/F,,,0,YEARS,100,YEARS,,,
RADIOLOGY,ULTRASOUND BREAST,,N/A,M/F,,,0,YEARS,100,YEARS,,,
RADIOLOGY,ULTRASOUND CHEST,,N/A,M/F,,,0,YEARS,100,YEARS,,,
RADIOLOGY,ULTRASOUND EARLY PREGNANCY,,N/A,M/F,,,0,YEARS,100,YEARS,,,
RADIOLOGY,ULTRASOUND FOLLICULAR STUDY (3 TIMES),,N/A,M/F,,,0,YEARS,100,YEARS,,,
RADIOLOGY,ULTRASOUND FOLLICULAR VISIT,,N/A,M/F,,,0,YEARS,100,YEARS,,,
RADIOLOGY,ULTRASOUND FOLLICULUR STUDY,,N/A,M/F,,,0,YEARS,100,YEARS,,,
RADIOLOGY,ULTRASOUND GUIDED FNAC,,N/A,M/F,,,0,YEARS,100,YEARS,,,
RADIOLOGY,ULTRASOUND LEFT SHOULDER,,N/A,M/F,,,0,YEARS,100,YEARS,,,
RADIOLOGY,ULTRASOUND GUIDED LIVER FNAC,,N/A,M/F,,,0,YEARS,100,YEARS,,,
RADIOLOGY,ULTRASOUND LEFT SHOULDER JOINT,,N/A,M/F,,,0,YEARS,100,YEARS,,,
RADIOLOGY,ULTRASOUND NECK/THYROID,,N/A,M/F,,,0,YEARS,100,YEARS,,,
RADIOLOGY,ULTRASOUND PELVIS,,N/A,M/F,,,0,YEARS,100,YEARS,,,
RADIOLOGY,ULTRASOUND RIGHT SHOULDER JOINT,,N/A,M/F,,,0,YEARS,100,YEARS,,,
RADIOLOGY,ULTRASOUND SCAN GUIDED ABSCESS DRAINAGE,,N/A,M/F,,,0,YEARS,100,YEARS,,,
RADIOLOGY,ULTRASOUND SCREENING,,N/A,M/F,,,0,YEARS,100,YEARS,,,
RADIOLOGY,ULTRASOUND SOFT ISSUE,,N/A,M/F,,,0,YEARS,100,YEARS,,,
RADIOLOGY,ULTRASOUND TRANS VAGINAL SCAN (TVS),,N/A,M/F,,,0,YEARS,100,YEARS,,,
RADIOLOGY,ULTRASOUND TRUS,,N/A,M/F,,,0,YEARS,100,YEARS,,,
RADIOLOGY,USG FETAL FACE FOLLOW UP SCAN,,N/A,M/F,,,0,YEARS,100,YEARS,,,
RADIOLOGY,USG GUIDED PLEURAL BIOSPY,,N/A,M/F,,,0,YEARS,100,YEARS,,,
RADIOLOGY,USG MARKING,,N/A,M/F,,,0,YEARS,100,YEARS,,,
RADIOLOGY,USG NECK PLUS CAROTIDS,,N/A,M/F,,,0,YEARS,100,YEARS,,,
RADIOLOGY,USG THORAX,,N/A,M/F,,,0,YEARS,100,YEARS,,,
RADIOLOGY,USG TIFFA,,N/A,M/F,,,0,YEARS,100,YEARS,,,
RADIOLOGY,COLOR DOPPLER STUDY OF RENAL ARTERIES,,N/A,M/F,,,0,YEARS,100,YEARS,,,
RADIOLOGY,COLOR DOPPLER STUDY VENOUS SYSTEM OF SINGLE LOWER LIMB,,N/A,M/F,,,0,YEARS,100,YEARS,,,
RADIOLOGY,COLOR DOPPLER STUDY OF RIGHT LOWER LIMB ARTERIAL,,N/A,M/F,,,0,YEARS,100,YEARS,,,
RADIOLOGY,COLOR DOPPLER STUDYOF RENAL ARTERIES BOTH PERFORMED,,N/A,M/F,,,0,YEARS,100,YEARS,,,
RADIOLOGY,COLOUR DOPPLER STUDY BOTH LOWER LIMB VENOUS,,N/A,M/F,,,0,YEARS,100,YEARS,,,
RADIOLOGY,COLOUR DOPPLER STUDY OF VENOUS SYSTEM OF BOTH LOWER LIMBS,,N/A,M/F,,,0,YEARS,100,YEARS,,,
RADIOLOGY,COLOUR DOPPLER STUDY OF BOTH LOWER LIMB ARTERIAL & VENOUS,,N/A,M/F,,,0,YEARS,100,YEARS,,,
RADIOLOGY,COLOUR DOPPLER STUDY OF LEFT UPPER LIMB ARTERIAL,,N/A,M/F,,,0,YEARS,100,YEARS,,,
RADIOLOGY,COLOUR DOPPLER STUDY OF SINGLE LOWER LIMB ARTERIAL,,N/A,M/F,,,0,YEARS,100,YEARS,,,
RADIOLOGY,CT-COLONOSCOPY,,N/A,M/F,,,0,YEARS,100,YEARS,,,
RADIOLOGY,ARTERIAL DOPPLER STUDY OF BOTH LOWER LIMBS,,N/A,M/F,,,0,YEARS,100,YEARS,,,
RADIOLOGY,DOPPLER ARTERIAL & VENIOUS LOWER LIMB ONE SIDE,,N/A,M/F,,,0,YEARS,100,YEARS,,,
RADIOLOGY,DOPPLER ARTERIAL & VENOUS UPPER LIMB SINGLE (RIGHT/LEFT),,N/A,M/F,,,0,YEARS,100,YEARS,,,
RADIOLOGY,DOPPLER OBSTETRICS,,N/A,M/F,,,0,YEARS,100,YEARS,,,
RADIOLOGY,DOPPLER ARTERIAL BOTH LOWER LIMBS,,N/A,M/F,,,0,YEARS,100,YEARS,,,
RADIOLOGY,DOPPLER CAROTID,,N/A,M/F,,,0,YEARS,100,YEARS,,,
RADIOLOGY,DOPPLER LOWER LIMB (SINGLE) ARTERIAL,,N/A,M/F,,,0,YEARS,100,YEARS,,,
RADIOLOGY,DOPPLER LOWER LIMB (SINGLE) ARTERIAL & VENOUS,,N/A,M/F,,,0,YEARS,100,YEARS,,,
RADIOLOGY,DOPPLER PORTAL,,N/A,M/F,,,0,YEARS,100,YEARS,,,
RADIOLOGY,DOPPLER RENAL,,N/A,M/F,,,0,YEARS,100,YEARS,,,
RADIOLOGY,DOPPLER SCROTAL,,N/A,M/F,,,0,YEARS,100,YEARS,,,
RADIOLOGY,DOPPLER SINGLE,,N/A,M/F,,,0,YEARS,100,YEARS,,,
RADIOLOGY,DOPPLER STUDY ARTERIAL & VENIOUS LOWER LIMB,,N/A,M/F,,,0,YEARS,100,YEARS,,,
RADIOLOGY,DOPPLER STUDY ARTERIAL UPPER LIMB BOTH,,N/A,M/F,,,0,YEARS,100,YEARS,,,
RADIOLOGY,DOPPLER STUDY CAROTID AND VERTEBRAL,,N/A,M/F,,,0,YEARS,100,YEARS,,,
RADIOLOGY,DOPPLER STUDY OF ABDOMEN VESSELS - (NEW),,N/A,M/F,,,0,YEARS,100,YEARS,,,
RADIOLOGY,DOPPLER STUDY OF ABDOMINAL VESSELS,,N/A,M/F,,,0,YEARS,100,YEARS,,,
RADIOLOGY,DOPPLER STUDY OF ARTERIAL AND VENOUS LEFT LOWER LIMB,,N/A,M/F,,,0,YEARS,100,YEARS,,,
RADIOLOGY,DOPPLER STUDY OF LEFT LOWER LIMB (ARTERIAL),,N/A,M/F,,,0,YEARS,100,YEARS,,,
RADIOLOGY,DOPPLER STUDY OF PELVIS,,N/A,M/F,,,0,YEARS,100,YEARS,,,
RADIOLOGY,DOPPLER STUDY OF SCROTUM,,N/A,M/F,,,0,YEARS,100,YEARS,,,
RADIOLOGY,DOPPLER STUDY OF TRANSPLANT KIDNEY,,N/A,M/F,,,0,YEARS,100,YEARS,,,
RADIOLOGY,DOPPLER STUDY TRANS CRANIAL,,N/A,M/F,,,0,YEARS,100,YEARS,,,
RADIOLOGY,DOPPLER UPPER LIMB (BOTH) ARTERIAL,,N/A,M/F,,,0,YEARS,100,YEARS,,,
RADIOLOGY,DOPPLER UPPER LIMB (BOTH) VENOUS,,N/A,M/F,,,0,YEARS,100,YEARS,,,
RADIOLOGY,DOPPLER UPPER LIMB (BOTH)ARTERIAL & VENOUS,,N/A,M/F,,,0,YEARS,100,YEARS,,,
RADIOLOGY,DOPPLER UPPER LIMB (SINGLE) ARTERIAL,,N/A,M/F,,,0,YEARS,100,YEARS,,,
RADIOLOGY,DOPPLER UPPER LIMB (SINGLE) VENOUS,,N/A,M/F,,,0,YEARS,100,YEARS,,,
RADIOLOGY,DOPPLER UPPER LIMB (SINGLE)ARTERIAL & VENOUS,,N/A,M/F,,,0,YEARS,100,YEARS,,,
RADIOLOGY,FETAL DOPPLER,,N/A,M/F,,,0,YEARS,100,YEARS,,,
RADIOLOGY,PENILE DOPPLER WITHOUT PEPAVARINE,,N/A,M/F,,,0,YEARS,100,YEARS,,,
RADIOLOGY,RENAL DOPPLER,,N/A,M/F,,,0,YEARS,100,YEARS,,,
RADIOLOGY,VENOUS DOPPLER STUDY OF LEFT LOWER LIMB,,N/A,M/F,,,0,YEARS,100,YEARS,,,
RADIOLOGY,KG X-RAY KNEE AP/LAT,,N/A,M/F,,,0,YEARS,100,YEARS,,,
RADIOLOGY,X-RAY ANKLE AP VIEW,,N/A,M/F,,,0,YEARS,100,YEARS,,,
RADIOLOGY,X-RAY BOTH ANKLE AP AND LAT VIEW,,N/A,M/F,,,0,YEARS,100,YEARS,,,
RADIOLOGY,X-RAY BOTH FEET AP VIEW,,N/A,M/F,,,0,YEARS,100,YEARS,,,
RADIOLOGY,X-RAY BOTH HANDS AP VIEW,,N/A,M/F,,,0,YEARS,100,YEARS,,,
RADIOLOGY,X-RAY HAND AP AND OBLIQUE VIEW,,N/A,M/F,,,0,YEARS,100,YEARS,,,
RADIOLOGY,X-RAY BOTH HEELS LAT VIEW,,N/A,M/F,,,0,YEARS,100,YEARS,,,
RADIOLOGY,X-RAY BOTH HIP AP VIEW,,N/A,M/F,,,0,YEARS,100,YEARS,,,
RADIOLOGY,X-RAY BOTH KNEE JOINTS AP & LAT VIEWS,,N/A,M/F,,,0,YEARS,100,YEARS,,,
RADIOLOGY,X-RAY BOTH MASTOIDS,,N/A,M/F,,,0,YEARS,100,YEARS,,,
RADIOLOGY,X-RAY CHEST AP VIEW,,N/A,M/F,,,0,YEARS,100,YEARS,,,
RADIOLOGY,X-RAY CHEST LATERAL VIEW,,N/A,M/F,,,0,YEARS,100,YEARS,,,
RADIOLOGY,X-RAY COCCYX AP & LATERAL VIEWS,,N/A,M/F,,,0,YEARS,100,YEARS,,,
RADIOLOGY,X-RAY COCCYX LATERAL VIEW,,N/A,M/F,,,0,YEARS,100,YEARS,,,
RADIOLOGY,X-RAY DORSAL SPINE AP VIEW,,N/A,M/F,,,0,YEARS,100,YEARS,,,
RADIOLOGY,X-RAY ELBOW AP & LATERAL VIEWS,,N/A,M/F,,,0,YEARS,100,YEARS,,,
RADIOLOGY,X-RAY ELBOW AP VIEW,,N/A,M/F,,,0,YEARS,100,YEARS,,,
RADIOLOGY,X-RAY ELBOW LATERAL VIEW,,N/A,M/F,,,0,YEARS,100,YEARS,,,
RADIOLOGY,X-RAY ERECT ABDOMEN,,N/A,M/F,,,0,YEARS,100,YEARS,,,
RADIOLOGY,X-RAY FEMUR,,N/A,M/F,,,0,YEARS,100,YEARS,,,
RADIOLOGY,X-RAY FEMUR AP /LAT,,N/A,M/F,,,0,YEARS,100,YEARS,,,
RADIOLOGY,X-RAY FISTULOGRAM,,N/A,M/F,,,0,YEARS,100,YEARS,,,
RADIOLOGY,X-RAY FOOT AP AND LAT VIEW,,N/A,M/F,,,0,YEARS,100,YEARS,,,
RADIOLOGY,X-RAY FOOT AP VIEW,,N/A,M/F,,,0,YEARS,100,YEARS,,,
RADIOLOGY,CT TEMPORAL BONE (AXIAL/CORONAL),,N/A,M/F,,,0,YEARS,100,YEARS,,,
RADIOLOGY,X-RAY BOTH HAND AP AND LAT,,N/A,M/F,,,0,YEARS,100,YEARS,,,
RADIOLOGY,MRI LUMBAR SPINE,,N/A,M/F,,,0,YEARS,100,YEARS,,,
RADIOLOGY,USG- ANOMALY WITH DOPPLER,,N/A,M/F,,,0,YEARS,100,YEARS,,,
RADIOLOGY,USG ANOMALY SCAN,,N/A,M/F,,,0,YEARS,100,YEARS,,,
RADIOLOGY,USG ANOMALY 3D,,N/A,M/F,,,0,YEARS,100,YEARS,,,
RADIOLOGY,MRI BRAIN +MRA+MRV,,N/A,M/F,,,0,YEARS,100,YEARS,,,
RADIOLOGY,MRI SCREENING OF ANGEOGRAM,,N/A,M/F,,,0,YEARS,100,YEARS,,,
RADIOLOGY,MRI-CEREBRAL VENOGRAM,,N/A,M/F,,,0,YEARS,100,YEARS,,,
RADIOLOGY,MRI-NECK AND SKULL VASE,,N/A,M/F,,,0,YEARS,100,YEARS,,,
RADIOLOGY,MRI-ABDOMEN,,N/A,M/F,,,0,YEARS,100,YEARS,,,
RADIOLOGY,MRI-ABDOMEN & PELVIS,,N/A,M/F,,,0,YEARS,100,YEARS,,,
RADIOLOGY,MRI-ANGIOGRAM,,N/A,M/F,,,0,YEARS,100,YEARS,,,
RADIOLOGY,MRI-ANKLE(LEFT),,N/A,M/F,,,0,YEARS,100,YEARS,,,
RADIOLOGY,MRI-ANKLE(RIGHT),,N/A,M/F,,,0,YEARS,100,YEARS,,,
RADIOLOGY,MRI-ANKLE/FOOT,,N/A,M/F,,,0,YEARS,100,YEARS,,,
RADIOLOGY,MRI-ARM(LEFT),,N/A,M/F,,,0,YEARS,100,YEARS,,,
RADIOLOGY,MRI-ARM(RIGHT),,N/A,M/F,,,0,YEARS,100,YEARS,,,
RADIOLOGY,MRI-HIP JOINT,,N/A,M/F,,,0,YEARS,100,YEARS,,,
RADIOLOGY,MRI-BREASTS BOTH,,N/A,M/F,,,0,YEARS,100,YEARS,,,
RADIOLOGY,MRI-BOTH HIP JOINT,,N/A,M/F,,,0,YEARS,100,YEARS,,,
RADIOLOGY,MRI-BOTH KNEE,,N/A,M/F,,,0,YEARS,100,YEARS,,,
RADIOLOGY,MRI-BOTH SHOULDER,,N/A,M/F,,,0,YEARS,100,YEARS,,,
RADIOLOGY,MRI-BRACHIAL PLEXUS,,N/A,M/F,,,0,YEARS,100,YEARS,,,
RADIOLOGY,MRI-BRAIN,,N/A,M/F,,,0,YEARS,100,YEARS,,,
RADIOLOGY,MRI-BRAIN + ORBIT,,N/A,M/F,,,0,YEARS,100,YEARS,,,
RADIOLOGY,MRI-BRAIN SINGLE SEQUENCE,,N/A,M/F,,,0,YEARS,100,YEARS,,,
RADIOLOGY,MRI-BRAIN & VENOGRAM,,N/A,M/F,,,0,YEARS,100,YEARS,,,
RADIOLOGY,MRI-BRAIN WITH C V J,,N/A,M/F,,,0,YEARS,100,YEARS,,,
RADIOLOGY,MRI-BRAIN WITH SPECTROSCOPY,,N/A,M/F,,,0,YEARS,100,YEARS,,,
RADIOLOGY,MRI-BRAIN+ANGIOGRAM,,N/A,M/F,,,0,YEARS,100,YEARS,,,
RADIOLOGY,MRI-ANGIOGRAM WITH CONTRAST,,N/A,M/F,,,0,YEARS,100,YEARS,,,
RADIOLOGY,MRI-C V J,,N/A,M/F,,,0,YEARS,100,YEARS,,,
RADIOLOGY,MRI-CERVICAL SPINE,,N/A,M/F,,,0,YEARS,100,YEARS,,,
RADIOLOGY,MRI-CERVICAL SPINE/THORACIC OUTLET,,N/A,M/F,,,0,YEARS,100,YEARS,,,
RADIOLOGY,MRI-CERVICO-DORSAL SPINE,,N/A,M/F,,,0,YEARS,100,YEARS,,,
RADIOLOGY,MRI-CERVICO-THORACIC SPINE,,N/A,M/F,,,0,YEARS,100,YEARS,,,
RADIOLOGY,MRI-DL SPINE,,N/A,M/F,,,0,YEARS,100,YEARS,,,
RADIOLOGY,MRI-DORSAL SPINE,,N/A,M/F,,,0,YEARS,100,YEARS,,,
RADIOLOGY,X-RAY PNS,,N/A,M/F,,,0,YEARS,100,YEARS,,,
RADIOLOGY,ECHO 2D & AMBULANCE,,N/A,M/F,,,0,YEARS,100,YEARS,,,
RADIOLOGY,USG NECK,,N/A,M/F,,,0,YEARS,100,YEARS,,,
RADIOLOGY,CT BRAIN,,N/A,M/F,,,0,YEARS,100,YEARS,,,
RADIOLOGY,X-RAY SHOULDER,,N/A,M/F,,,0,YEARS,100,YEARS,,,
RADIOLOGY,USG SINGLE BREAST,,N/A,M/F,,,0,YEARS,100,YEARS,,,
RADIOLOGY,USG RIGHT KNEE,,N/A,M/F,,,0,YEARS,100,YEARS,,,
RADIOLOGY,USG LEFT KNEE,,N/A,M/F,,,0,YEARS,100,YEARS,,,
RADIOLOGY,CT ELBOW,,N/A,M/F,,,0,YEARS,100,YEARS,,,
RADIOLOGY,CT ABDOMEN (SPIRAL),,N/A,M/F,,,0,YEARS,100,YEARS,,,
RADIOLOGY,CT- SHOULDER JOINT,,N/A,M/F,,,0,YEARS,100,YEARS,,,
RADIOLOGY,MRI BRAIN WITH CONTRAST,,N/A,M/F,,,0,YEARS,100,YEARS,,,
RADIOLOGY,ULTRASOUND ABDOMEN MALE,,N/A,M/F,,,0,YEARS,100,YEARS,,,
RADIOLOGY,ULTRASOUND ABDOMEN MALE,,N/A,M/F,,,0,YEARS,100,YEARS,,,
RADIOLOGY,ARTERIAL DOPPLER STUDY OF BOTH UPPER LIMBS,,N/A,M/F,,,0,YEARS,100,YEARS,,,
RADIOLOGY,ARTERIAL DOPPLER STUDY OF BOTH UPPER LIMBS,,N/A,M/F,,,0,YEARS,100,YEARS,,,
CLINICAL PATHOLOGY,24 HRS URINE FOR CALCIUM,24 HRS URINE FOR CALCIUM,mg/day,M/F,100,300,0,YEARS,100,YEARS,,,
CLINICAL PATHOLOGY,24 HRS URINE FOR CHLORIDE(Clo2),24 HRS URINE FOR CHLORIDE(Clo2),mmol/day,M/F,110,250,0,YEARS,100,YEARS,,,
CLINICAL PATHOLOGY,24 HRS URINE FOR CREATININE,24 HRS URINE FOR CREATININE,mg/kg/day,M/F,10,20,0,YEARS,100,YEARS,,,
CLINICAL PATHOLOGY,24 HRS URINE FOR PHOSPHOROUS,24 HRS URINE FOR PHOSPHOROUS,g/day,M/F,0.3,1.3,0,YEARS,100,YEARS,,,
CLINICAL PATHOLOGY,24 HRS URINE FOR POTASSIUM(K+),24 HRS URINE FOR POTASSIUM(K+),mmol/day,M/F,15,125,0,YEARS,100,YEARS,,,"-[{""Gender"": ""M/F"",""AgeMin"": 1,""AgeMinUnit"": ""YEARS"",""AgeMax"": 10,""AgeMaxUnit"": ""YEARS"",""ReferenceRange"": ""15 - 80 mmol/day""},{""Gender"": ""M/F"",""AgeMin"": 11,""AgeMinUnit"": ""YEARS"",""AgeMax"": 17,""AgeMaxUnit"": ""YEARS"",""ReferenceRange"": ""20 - 100 mmol/day""},{""Gender"": ""M/F"",""AgeMin"": 18,""AgeMinUnit"": ""YEARS"",""AgeMax"": 64,""AgeMaxUnit"": ""YEARS"",""ReferenceRange"": ""25 - 125 mmol/day""},{""Gender"": ""M/F"",""AgeMin"": 65,""AgeMinUnit"": ""YEARS"",""AgeMax"": 100,""AgeMaxUnit"": ""YEARS"",""ReferenceRange"": ""20 - 100 mmol/day""}]"
CLINICAL PATHOLOGY,24 HRS URINE FOR SODIUM(Na),24 HRS URINE FOR SODIUM(Na),mmol/day,M/F,40,220,0,YEARS,100,YEARS,,,"[{""Gender"": ""M/F"",""AgeMin"": 1,""AgeMinUnit"": ""YEARS"",""AgeMax"": 10,""AgeMaxUnit"": ""YEARS"",""ReferenceRange"": ""40 - 150 mmol/day""},{""Gender"": ""M/F"",""AgeMin"": 11,""AgeMinUnit"": ""YEARS"",""AgeMax"": 17,""AgeMaxUnit"": ""YEARS"",""ReferenceRange"": ""60 - 200 mmol/day""},{""Gender"": ""M/F"",""AgeMin"": 18,""AgeMinUnit"": ""YEARS"",""AgeMax"": 100,""AgeMaxUnit"": ""YEARS"",""ReferenceRange"": ""40 - 220 mmol/day""}]"
CLINICAL PATHOLOGY,24 HRS URINE PROTEIN,24 HRS URINE PROTEIN,mg/24 hrs,M/F,20,140,0,YEARS,100,YEARS,,,
CLINICAL PATHOLOGY,ASCITIC FLUID ANALYSIS,DESCRIPTION,N/A,M/F,,,0,YEARS,100,YEARS,,,
CLINICAL PATHOLOGY,BENCE -JONES PROTEIN,DROPDOWN-PRESENT/ABSENT,N/A,M/F,,,0,YEARS,100,YEARS,,,
CLINICAL PATHOLOGY,COMPLETE URINE ANALYSIS,PUS CELLS,/hpf,M/F,0,3,0,YEARS,100,YEARS,,,
CLINICAL PATHOLOGY,COMPLETE URINE ANALYSIS,EPITHELIAL CELLS,/hpf,M/F,0,4,0,YEARS,100,YEARS,,,
CLINICAL PATHOLOGY,CSF ANALYSIS,DESCRIPTION,N/A,M/F,,,0,YEARS,100,YEARS,,,
CLINICAL PATHOLOGY,DIRECT COOMB'S TEST,DROPDOWN-POSITIVE/NEGATIVE,N/A,M/F,,,0,YEARS,100,YEARS,,,
CLINICAL PATHOLOGY,FASTING URINE SUGAR (FUS),DROPDOWN-POSITIVE/NEGATIVE,N/A,M/F,,,0,YEARS,100,YEARS,,,
CLINICAL PATHOLOGY,FNAC,DESCRIPTION,N/A,M/F,,,0,YEARS,100,YEARS,,,
CLINICAL PATHOLOGY,HCT,HCT,%,M/F,38,47,0,YEARS,100,YEARS,,,
CLINICAL PATHOLOGY,HISTOPATHOLOGY REPORT,DESCRIPTION,N/A,M/F,,,0,YEARS,100,YEARS,,,
CLINICAL PATHOLOGY,HISTOPATHOLOGY-BRONCHOSCOPIC,DESCRIPTION,N/A,M/F,,,0,YEARS,100,YEARS,,,
CLINICAL PATHOLOGY,HISTOPATHOLOGY-COLONOSCOPIC,DESCRIPTION,N/A,M/F,,,0,YEARS,100,YEARS,,,
CLINICAL PATHOLOGY,HISTOPATHOLOGY-CT GUIDED,DESCRIPTION,N/A,M/F,,,0,YEARS,100,YEARS,,,
CLINICAL PATHOLOGY,HISTOPATHOLOGY-ENDOSCOPIC,DESCRIPTION,N/A,M/F,,,0,YEARS,100,YEARS,,,
CLINICAL PATHOLOGY,HISTOPATHOLOGY-EXTRA LARGE,DESCRIPTION,N/A,M/F,,,0,YEARS,100,YEARS,,,
CLINICAL PATHOLOGY,HISTOPATHOLOGY-LARGE,DESCRIPTION,N/A,M/F,,,0,YEARS,100,YEARS,,,
CLINICAL PATHOLOGY,HISTOPATHOLOGY-MEDIUM,DESCRIPTION,N/A,M/F,,,0,YEARS,100,YEARS,,,
CLINICAL PATHOLOGY,HISTOPATHOLOGY-SMALL,DESCRIPTION,N/A,M/F,,,0,YEARS,100,YEARS,,,
CLINICAL PATHOLOGY,INDIRECT COOMB'S TEST (ICT),DROPDOWN-POSITIVE/NEGATIVE,N/A,M/F,,,0,YEARS,100,YEARS,,,
CLINICAL PATHOLOGY,MANTOUX,DROPDOWN WITH DESCRIPTION-REACTIVE/NONREACTIVE,N/A,M/F,,,0,YEARS,100,YEARS,,,
CLINICAL PATHOLOGY,PERICARDIAL FLUID ANALYSIS,DESCRIPTION,N/A,M/F,,,0,YEARS,100,YEARS,,,
CLINICAL PATHOLOGY,PERICARDIAL FLUID CYTOLOGY,DESCRIPTION,N/A,M/F,,,0,YEARS,100,YEARS,,,
CLINICAL PATHOLOGY,PLEURAL FLUID ANALYSIS,DESCRIPTION,N/A,M/F,,,0,YEARS,100,YEARS,,,
CLINICAL PATHOLOGY,POST PRANDIAL URINE SUGAR (PPUS),DROPDOWN-PERCENTAGE,N/A,M/F,,,0,YEARS,100,YEARS,,,
CLINICAL PATHOLOGY,RANDOM URINE SUGAR (RUS),DROPDOWN-PERCENTAGE,N/A,M/F,,,0,YEARS,100,YEARS,,,
CLINICAL PATHOLOGY,SEMEN ANALYSIS,TOTAL SPERM COUNT,Mill/Cumm,M,20,120,0,YEARS,100,YEARS,,,
CLINICAL PATHOLOGY,SPOT URINE CALCIUM,SPOT URINE CALCIUM/CREATININE RATIO,mg/mg,M/F,0,0.3,0,YEARS,100,YEARS,,,
CLINICAL PATHOLOGY,SPOT URINE CREATININE,SPOT URINE CREATININE,mg/dL,M/F,20,320,0,YEARS,100,YEARS,,,
CLINICAL PATHOLOGY,SPOT URINE PROTEIN,DROPDOWN-POSITIVE/NEGATIVE,N/A,M/F,,,0,YEARS,100,YEARS,,,
CLINICAL PATHOLOGY,STOOL FOR HANGING DROP,DROPDOWN-POSITIVE/NEGATIVE,N/A,M/F,,,0,YEARS,100,YEARS,,,
CLINICAL PATHOLOGY,STOOL FOR OCCULT BLOOD,DROPDOWN-POSITIVE/NEGATIVE,N/A,M/F,,,0,YEARS,100,YEARS,,,
CLINICAL PATHOLOGY,STOOL FOR PH,STOOL pH,N/A,M/F,5,7.5,0,YEARS,100,YEARS,,,
CLINICAL PATHOLOGY,STOOL FOR REDUCING SUBSTANCE,DROPDOWN-PRESENT/ABSENT,N/A,M/F,,,0,YEARS,100,YEARS,,,
CLINICAL PATHOLOGY,STOOL OVA / CYST,DROPDOWN WITH DESCRIPTION-PRESENT/ABSENT,N/A,M/F,,,0,YEARS,100,YEARS,,,
CLINICAL PATHOLOGY,URINE ACETONE,DROPDOWN-POSITIVE/NEGATIVE,N/A,M/F,,,0,YEARS,100,YEARS,,,
CLINICAL PATHOLOGY,URINE ALBUMIN,URINE ALBUMIN,mg/day,M/F,0,30,0,YEARS,100,YEARS,,,
CLINICAL PATHOLOGY,Urine BS & BP,DROPDOWN-PRESENT/ABSENT,N/A,M/F,,,0,YEARS,100,YEARS,,,
CLINICAL PATHOLOGY,URINE CULTURE,DESCRIPTION,N/A,M/F,,,0,YEARS,100,YEARS,,,
CLINICAL PATHOLOGY,URINE FOR AFB,DROPDOWN-PRESENT/ABSENT,N/A,M/F,,,0,YEARS,100,YEARS,,,
CLINICAL PATHOLOGY,URINE FOR PORPHOBILINOGEN,DROPDOWN-PRESENT/ABSENT,N/A,M/F,,,0,YEARS,100,YEARS,,,
CLINICAL PATHOLOGY,URINE KETONE BODIES,DROPDOWN-PRESENT/ABSENT,N/A,M/F,,,0,YEARS,100,YEARS,,,
CLINICAL PATHOLOGY,URINE MICROALBUMINUREA,DROPDOWN-PRESENT/ABSENT,N/A,M/F,,,0,YEARS,100,YEARS,,,
CLINICAL PATHOLOGY,URINE NICOTINE,URINE NICOTINE,ng/mL,M/F,0,100,0,YEARS,100,YEARS,,,
CLINICAL PATHOLOGY,URINE OCCULT BLOOD,DROPDOWN-PRESENT/ABSENT,N/A,M/F,,,0,YEARS,100,YEARS,,,
CLINICAL PATHOLOGY,URINE PREGNANCY TEST (UPT),DROPDOWN-PRESENT/ABSENT,N/A,F,,,0,YEARS,100,YEARS,,,
CLINICAL PATHOLOGY,URINE ROUTINE,WBC,/hpf,M/F,0,4,0,YEARS,100,YEARS,,,
CLINICAL PATHOLOGY,URINE ROUTINE,EPITHELIAL CELLS,/hpf,M/F,0,4,0,YEARS,100,YEARS,,,
CLINICAL PATHOLOGY,URINE SUGAR,DROPDOWN-POSITIVE/NEGATIVE,N/A,M/F,,,0,YEARS,100,YEARS,,,
